feature,count0@False,count1@False,count0@True,count1@True,PresenceTrue,PresenceFalse,AbsenceTrue,AbsenceFalse
fusion,7056,68.0,2297,1.0,0.014705882352941176,68.0,0.32553854875283444,3.0718328254244667
overview,7058,66.0,2297,1.0,0.015151515151515152,66.0,0.32544630206857467,3.0727035263387026
logics,7063,61.0,2297,1.0,0.01639344262295082,61.0,0.32521591391759874,3.0748802786242924
smart,7068,56.0,2297,1.0,0.017857142857142856,56.0,0.3249858517260894,3.0770570309098826
business,7075,49.0,2297,1.0,0.02040816326530612,49.0,0.3246643109540636,3.0801044841097083
examined,7077,47.0,2297,1.0,0.02127659574468085,47.0,0.32457255899392395,3.080975185023944
nowadays,7080,44.0,2297,1.0,0.022727272727272728,44.0,0.32443502824858755,3.082281236395298
vehicles,7083,41.0,2297,1.0,0.024390243902439025,41.0,0.32429761400536494,3.0835872877666524
revision,7084,40.0,2297,1.0,0.025,40.0,0.3242518351214003,3.0840226382237703
teams,7085,39.0,2297,1.0,0.02564102564102564,39.0,0.3242060691601976,3.0844579886808883
manage,7085,39.0,2297,1.0,0.02564102564102564,39.0,0.3242060691601976,3.0844579886808883
keywords,7086,38.0,2297,1.0,0.02631578947368421,38.0,0.32416031611628565,3.0848933391380062
software,6943,181.0,2293,5.0,0.027624309392265192,36.2,0.3302606942243987,3.0279110335804624
format,7088,36.0,2297,1.0,0.027777777777777776,36.0,0.32406884875846503,3.085764040052242
operational,7089,35.0,2297,1.0,0.02857142857142857,35.0,0.32402313443362957,3.08619939050936
acoustic,7019,105.0,2295,3.0,0.02857142857142857,35.0,0.3269696537968372,3.05838779956427
topological,7089,35.0,2297,1.0,0.02857142857142857,35.0,0.32402313443362957,3.08619939050936
cancer,7090,34.0,2297,1.0,0.029411764705882353,34.0,0.3239774330042313,3.086634740966478
cognition,7090,34.0,2297,1.0,0.029411764705882353,34.0,0.3239774330042313,3.086634740966478
organization,7090,34.0,2297,1.0,0.029411764705882353,34.0,0.3239774330042313,3.086634740966478
tables,7090,34.0,2297,1.0,0.029411764705882353,34.0,0.3239774330042313,3.086634740966478
multimedia,7090,34.0,2297,1.0,0.029411764705882353,34.0,0.3239774330042313,3.086634740966478
phases,7091,33.0,2297,1.0,0.030303030303030304,33.0,0.32393174446481454,3.087070091423596
management,6994,130.0,2294,4.0,0.03076923076923077,32.5,0.3279954246496997,3.048823016564952
material,7092,32.0,2297,1.0,0.03125,32.0,0.32388606880992665,3.087505441880714
thesis,7093,31.0,2297,1.0,0.03225806451612903,31.0,0.3238404060341181,3.087940792337832
individually,7094,30.0,2297,1.0,0.03333333333333333,30.0,0.3237947561319425,3.08837614279495
evolutionary,7064,60.0,2296,2.0,0.03333333333333333,30.0,0.3250283125707814,3.076655052264808
urban,7095,29.0,2297,1.0,0.034482758620689655,29.0,0.3237491190979563,3.088811493252068
car,7095,29.0,2297,1.0,0.034482758620689655,29.0,0.3237491190979563,3.088811493252068
verbal,7096,28.0,2297,1.0,0.03571428571428571,28.0,0.3237034949267193,3.089246843709186
front,7096,28.0,2297,1.0,0.03571428571428571,28.0,0.3237034949267193,3.089246843709186
diagnosis,7041,83.0,2295,3.0,0.03614457831325301,27.666666666666668,0.32594801874733703,3.0679738562091505
aggregated,7097,27.0,2297,1.0,0.037037037037037035,27.0,0.32365788361279413,3.0896821941663037
surveillance,7097,27.0,2297,1.0,0.037037037037037035,27.0,0.32365788361279413,3.0896821941663037
uncertainties,7097,27.0,2297,1.0,0.037037037037037035,27.0,0.32365788361279413,3.0896821941663037
assisted,7097,27.0,2297,1.0,0.037037037037037035,27.0,0.32365788361279413,3.0896821941663037
assistance,7097,27.0,2297,1.0,0.037037037037037035,27.0,0.32365788361279413,3.0896821941663037
brief,7097,27.0,2297,1.0,0.037037037037037035,27.0,0.32365788361279413,3.0896821941663037
retrieved,7098,26.0,2297,1.0,0.038461538461538464,26.0,0.3236122851507467,3.0901175446234217
modelled,7098,26.0,2297,1.0,0.038461538461538464,26.0,0.3236122851507467,3.0901175446234217
wireless,7098,26.0,2297,1.0,0.038461538461538464,26.0,0.3236122851507467,3.0901175446234217
conference,7098,26.0,2297,1.0,0.038461538461538464,26.0,0.3236122851507467,3.0901175446234217
outlier,7098,26.0,2297,1.0,0.038461538461538464,26.0,0.3236122851507467,3.0901175446234217
suggestions,7099,25.0,2297,1.0,0.04,25.0,0.3235666995351458,3.0905528950805397
latest,7099,25.0,2297,1.0,0.04,25.0,0.3235666995351458,3.0905528950805397
communications,7099,25.0,2297,1.0,0.04,25.0,0.3235666995351458,3.0905528950805397
disadvantages,7099,25.0,2297,1.0,0.04,25.0,0.3235666995351458,3.0905528950805397
discusses,7051,73.0,2295,3.0,0.0410958904109589,24.333333333333332,0.3254857467025954,3.072331154684096
stories,7100,24.0,2297,1.0,0.041666666666666664,24.0,0.3235211267605634,3.0909882455376576
categorize,7100,24.0,2297,1.0,0.041666666666666664,24.0,0.3235211267605634,3.0909882455376576
analytics,7076,48.0,2296,2.0,0.041666666666666664,24.0,0.3244771057094404,3.081881533101045
assessed,7100,24.0,2297,1.0,0.041666666666666664,24.0,0.3235211267605634,3.0909882455376576
road,7100,24.0,2297,1.0,0.041666666666666664,24.0,0.3235211267605634,3.0909882455376576
home,7100,24.0,2297,1.0,0.041666666666666664,24.0,0.3235211267605634,3.0909882455376576
declarative,7077,47.0,2296,2.0,0.0425531914893617,23.5,0.32443125618199803,3.082317073170732
schedule,7101,23.0,2297,1.0,0.043478260869565216,23.0,0.3234755668215744,3.091423595994776
offered,7101,23.0,2297,1.0,0.043478260869565216,23.0,0.3234755668215744,3.091423595994776
survey,7032,92.0,2294,4.0,0.043478260869565216,23.0,0.32622298065984073,3.0653879686137753
classifies,7101,23.0,2297,1.0,0.043478260869565216,23.0,0.3234755668215744,3.091423595994776
national,7101,23.0,2297,1.0,0.043478260869565216,23.0,0.3234755668215744,3.091423595994776
pay,7101,23.0,2297,1.0,0.043478260869565216,23.0,0.3234755668215744,3.091423595994776
ontology,6988,136.0,2292,6.0,0.04411764705882353,22.666666666666668,0.3279908414424728,3.048865619546248
profiles,7079,45.0,2296,2.0,0.044444444444444446,22.5,0.32433959598813394,3.0831881533101044
discussing,7102,22.0,2297,1.0,0.045454545454545456,22.0,0.323430019712757,3.091858946451894
elicitation,7102,22.0,2297,1.0,0.045454545454545456,22.0,0.323430019712757,3.091858946451894
society,7102,22.0,2297,1.0,0.045454545454545456,22.0,0.323430019712757,3.091858946451894
engineers,7102,22.0,2297,1.0,0.045454545454545456,22.0,0.323430019712757,3.091858946451894
internet,7037,87.0,2294,4.0,0.04597701149425287,21.75,0.32599118942731276,3.0675675675675675
profile,7081,43.0,2296,2.0,0.046511627906976744,21.5,0.3242479875723768,3.0840592334494774
makers,7103,21.0,2297,1.0,0.047619047619047616,21.0,0.3233844854286921,3.092294296909012
advent,7103,21.0,2297,1.0,0.047619047619047616,21.0,0.3233844854286921,3.092294296909012
progressively,7103,21.0,2297,1.0,0.047619047619047616,21.0,0.3233844854286921,3.092294296909012
utilization,7103,21.0,2297,1.0,0.047619047619047616,21.0,0.3233844854286921,3.092294296909012
supply,7103,21.0,2297,1.0,0.047619047619047616,21.0,0.3233844854286921,3.092294296909012
developers,7103,21.0,2297,1.0,0.047619047619047616,21.0,0.3233844854286921,3.092294296909012
solid,7103,21.0,2297,1.0,0.047619047619047616,21.0,0.3233844854286921,3.092294296909012
rdf,7103,21.0,2297,1.0,0.047619047619047616,21.0,0.3233844854286921,3.092294296909012
weather,7103,21.0,2297,1.0,0.047619047619047616,21.0,0.3233844854286921,3.092294296909012
marketing,7103,21.0,2297,1.0,0.047619047619047616,21.0,0.3233844854286921,3.092294296909012
divided,7103,21.0,2297,1.0,0.047619047619047616,21.0,0.3233844854286921,3.092294296909012
air,7103,21.0,2297,1.0,0.047619047619047616,21.0,0.3233844854286921,3.092294296909012
anomaly,7082,42.0,2296,2.0,0.047619047619047616,21.0,0.3242022027675798,3.0844947735191637
things,7082,42.0,2296,2.0,0.047619047619047616,21.0,0.3242022027675798,3.0844947735191637
legal,7103,21.0,2297,1.0,0.047619047619047616,21.0,0.3233844854286921,3.092294296909012
concerned,7083,41.0,2296,2.0,0.04878048780487805,20.5,0.32415643089086543,3.0849303135888504
taxonomy,7083,41.0,2296,2.0,0.04878048780487805,20.5,0.32415643089086543,3.0849303135888504
dominance,7104,20.0,2297,1.0,0.05,20.0,0.32333896396396394,3.09272964736613
sent,7104,20.0,2297,1.0,0.05,20.0,0.32333896396396394,3.09272964736613
practices,7104,20.0,2297,1.0,0.05,20.0,0.32333896396396394,3.09272964736613
cnf,7104,20.0,2297,1.0,0.05,20.0,0.32333896396396394,3.09272964736613
famous,7104,20.0,2297,1.0,0.05,20.0,0.32333896396396394,3.09272964736613
autonomously,7104,20.0,2297,1.0,0.05,20.0,0.32333896396396394,3.09272964736613
calculations,7104,20.0,2297,1.0,0.05,20.0,0.32333896396396394,3.09272964736613
environmental,7084,40.0,2296,2.0,0.05,20.0,0.3241106719367589,3.0853658536585367
cities,7104,20.0,2297,1.0,0.05,20.0,0.32333896396396394,3.09272964736613
imbalanced,7104,20.0,2297,1.0,0.05,20.0,0.32333896396396394,3.09272964736613
considerations,7104,20.0,2297,1.0,0.05,20.0,0.32333896396396394,3.09272964736613
presentation,7104,20.0,2297,1.0,0.05,20.0,0.32333896396396394,3.09272964736613
organizations,7104,20.0,2297,1.0,0.05,20.0,0.32333896396396394,3.09272964736613
retraining,7104,20.0,2297,1.0,0.05,20.0,0.32333896396396394,3.09272964736613
services,7024,100.0,2293,5.0,0.05,20.0,0.32645216400911165,3.063235935455735
anomalies,7104,20.0,2297,1.0,0.05,20.0,0.32333896396396394,3.09272964736613
certainty,7104,20.0,2297,1.0,0.05,20.0,0.32333896396396394,3.09272964736613
mathematics,7105,19.0,2297,1.0,0.05263157894736842,19.0,0.3232934553131597,3.093164997823248
permits,7105,19.0,2297,1.0,0.05263157894736842,19.0,0.3232934553131597,3.093164997823248
geographical,7105,19.0,2297,1.0,0.05263157894736842,19.0,0.3232934553131597,3.093164997823248
letters,7105,19.0,2297,1.0,0.05263157894736842,19.0,0.3232934553131597,3.093164997823248
artifacts,7105,19.0,2297,1.0,0.05263157894736842,19.0,0.3232934553131597,3.093164997823248
plausibility,7105,19.0,2297,1.0,0.05263157894736842,19.0,0.3232934553131597,3.093164997823248
something,7105,19.0,2297,1.0,0.05263157894736842,19.0,0.3232934553131597,3.093164997823248
organized,7086,38.0,2296,2.0,0.05263157894736842,19.0,0.3240191927744849,3.086236933797909
reality,7086,38.0,2296,2.0,0.05263157894736842,19.0,0.3240191927744849,3.086236933797909
personal,7086,38.0,2296,2.0,0.05263157894736842,19.0,0.3240191927744849,3.086236933797909
did,7086,38.0,2296,2.0,0.05263157894736842,19.0,0.3240191927744849,3.086236933797909
acceptable,7086,38.0,2296,2.0,0.05263157894736842,19.0,0.3240191927744849,3.086236933797909
security,7049,75.0,2294,4.0,0.05333333333333334,18.75,0.3254362320896581,3.0727986050566694
check,7087,37.0,2296,2.0,0.05405405405405406,18.5,0.3239734725553831,3.086672473867596
formalisms,7087,37.0,2296,2.0,0.05405405405405406,18.5,0.3239734725553831,3.086672473867596
emerging,7051,73.0,2294,4.0,0.0547945205479452,18.25,0.325343922847823,3.0736704446381866
sensors,7051,73.0,2294,4.0,0.0547945205479452,18.25,0.325343922847823,3.0736704446381866
technology,7015,109.0,2292,6.0,0.05504587155963303,18.166666666666668,0.32672843905915894,3.06064572425829
recordings,7106,18.0,2297,1.0,0.05555555555555555,18.0,0.3232479594708697,3.093600348280366
distinctive,7106,18.0,2297,1.0,0.05555555555555555,18.0,0.3232479594708697,3.093600348280366
distinguished,7106,18.0,2297,1.0,0.05555555555555555,18.0,0.3232479594708697,3.093600348280366
examining,7106,18.0,2297,1.0,0.05555555555555555,18.0,0.3232479594708697,3.093600348280366
terminology,7106,18.0,2297,1.0,0.05555555555555555,18.0,0.3232479594708697,3.093600348280366
se,7106,18.0,2297,1.0,0.05555555555555555,18.0,0.3232479594708697,3.093600348280366
investigations,7106,18.0,2297,1.0,0.05555555555555555,18.0,0.3232479594708697,3.093600348280366
attracting,7106,18.0,2297,1.0,0.05555555555555555,18.0,0.3232479594708697,3.093600348280366
enhances,7106,18.0,2297,1.0,0.05555555555555555,18.0,0.3232479594708697,3.093600348280366
indian,7106,18.0,2297,1.0,0.05555555555555555,18.0,0.3232479594708697,3.093600348280366
submitted,7106,18.0,2297,1.0,0.05555555555555555,18.0,0.3232479594708697,3.093600348280366
lacks,7106,18.0,2297,1.0,0.05555555555555555,18.0,0.3232479594708697,3.093600348280366
entry,7106,18.0,2297,1.0,0.05555555555555555,18.0,0.3232479594708697,3.093600348280366
inspection,7106,18.0,2297,1.0,0.05555555555555555,18.0,0.3232479594708697,3.093600348280366
idf,7106,18.0,2297,1.0,0.05555555555555555,18.0,0.3232479594708697,3.093600348280366
geographic,7106,18.0,2297,1.0,0.05555555555555555,18.0,0.3232479594708697,3.093600348280366
usability,7106,18.0,2297,1.0,0.05555555555555555,18.0,0.3232479594708697,3.093600348280366
stop,7106,18.0,2297,1.0,0.05555555555555555,18.0,0.3232479594708697,3.093600348280366
immune,7106,18.0,2297,1.0,0.05555555555555555,18.0,0.3232479594708697,3.093600348280366
disciplines,7106,18.0,2297,1.0,0.05555555555555555,18.0,0.3232479594708697,3.093600348280366
understandable,7106,18.0,2297,1.0,0.05555555555555555,18.0,0.3232479594708697,3.093600348280366
lastly,7106,18.0,2297,1.0,0.05555555555555555,18.0,0.3232479594708697,3.093600348280366
cyclic,7106,18.0,2297,1.0,0.05555555555555555,18.0,0.3232479594708697,3.093600348280366
default,7088,36.0,2296,2.0,0.05555555555555555,18.0,0.3239277652370203,3.087108013937282
formulas,7070,54.0,2295,3.0,0.05555555555555555,18.0,0.3246110325318246,3.0806100217864922
logic,6767,357.0,2278,20.0,0.056022408963585436,17.85,0.33663366336633666,2.9705882352941178
technologies,7053,71.0,2294,4.0,0.056338028169014086,17.75,0.32525166595774846,3.0745422842197034
utilized,7053,71.0,2294,4.0,0.056338028169014086,17.75,0.32525166595774846,3.0745422842197034
international,7089,35.0,2296,2.0,0.05714285714285714,17.5,0.3238820708139371,3.0875435540069684
platforms,7054,70.0,2294,4.0,0.05714285714285714,17.5,0.325205557130706,3.074978204010462
navigation,7072,52.0,2295,3.0,0.057692307692307696,17.333333333333332,0.3245192307692308,3.0814814814814815
scheduling,7072,52.0,2295,3.0,0.057692307692307696,17.333333333333332,0.3245192307692308,3.0814814814814815
vehicle,7072,52.0,2295,3.0,0.057692307692307696,17.333333333333332,0.3245192307692308,3.0814814814814815
argumentation,7072,52.0,2295,3.0,0.057692307692307696,17.333333333333332,0.3245192307692308,3.0814814814814815
participant,7107,17.0,2297,1.0,0.058823529411764705,17.0,0.3232024764316871,3.0940356987374837
seconds,7107,17.0,2297,1.0,0.058823529411764705,17.0,0.3232024764316871,3.0940356987374837
lots,7107,17.0,2297,1.0,0.058823529411764705,17.0,0.3232024764316871,3.0940356987374837
empty,7107,17.0,2297,1.0,0.058823529411764705,17.0,0.3232024764316871,3.0940356987374837
unexpected,7107,17.0,2297,1.0,0.058823529411764705,17.0,0.3232024764316871,3.0940356987374837
evolves,7107,17.0,2297,1.0,0.058823529411764705,17.0,0.3232024764316871,3.0940356987374837
months,7107,17.0,2297,1.0,0.058823529411764705,17.0,0.3232024764316871,3.0940356987374837
changed,7107,17.0,2297,1.0,0.058823529411764705,17.0,0.3232024764316871,3.0940356987374837
rgb,7107,17.0,2297,1.0,0.058823529411764705,17.0,0.3232024764316871,3.0940356987374837
pilot,7107,17.0,2297,1.0,0.058823529411764705,17.0,0.3232024764316871,3.0940356987374837
meeting,7107,17.0,2297,1.0,0.058823529411764705,17.0,0.3232024764316871,3.0940356987374837
company,7107,17.0,2297,1.0,0.058823529411764705,17.0,0.3232024764316871,3.0940356987374837
extensible,7107,17.0,2297,1.0,0.058823529411764705,17.0,0.3232024764316871,3.0940356987374837
tracks,7107,17.0,2297,1.0,0.058823529411764705,17.0,0.3232024764316871,3.0940356987374837
pitch,7107,17.0,2297,1.0,0.058823529411764705,17.0,0.3232024764316871,3.0940356987374837
fused,7107,17.0,2297,1.0,0.058823529411764705,17.0,0.3232024764316871,3.0940356987374837
demands,7107,17.0,2297,1.0,0.058823529411764705,17.0,0.3232024764316871,3.0940356987374837
junction,7107,17.0,2297,1.0,0.058823529411764705,17.0,0.3232024764316871,3.0940356987374837
opponent,7107,17.0,2297,1.0,0.058823529411764705,17.0,0.3232024764316871,3.0940356987374837
taken,7022,102.0,2292,6.0,0.058823529411764705,17.0,0.3264027342637425,3.0636998254799304
calculus,7056,68.0,2294,4.0,0.058823529411764705,17.0,0.3251133786848073,3.075850043591979
opinions,7073,51.0,2295,3.0,0.058823529411764705,17.0,0.32447334935670863,3.081917211328976
mid,7107,17.0,2297,1.0,0.058823529411764705,17.0,0.3232024764316871,3.0940356987374837
development,6836,288.0,2281,17.0,0.059027777777777776,16.941176470588236,0.3336746635459333,2.996931170539237
try,7058,66.0,2294,4.0,0.06060606060606061,16.5,0.32502125247945596,3.076721883173496
accessible,7091,33.0,2296,2.0,0.06060606060606061,16.5,0.32379072063178677,3.0884146341463414
concerning,7091,33.0,2296,2.0,0.06060606060606061,16.5,0.32379072063178677,3.0884146341463414
load,7091,33.0,2296,2.0,0.06060606060606061,16.5,0.32379072063178677,3.0884146341463414
article,6912,212.0,2285,13.0,0.06132075471698113,16.307692307692307,0.33058449074074076,3.024945295404814
participating,7108,16.0,2297,1.0,0.0625,16.0,0.3231570061902082,3.0944710491946017
autonomy,7108,16.0,2297,1.0,0.0625,16.0,0.3231570061902082,3.0944710491946017
assessment,7060,64.0,2294,4.0,0.0625,16.0,0.32492917847025493,3.077593722755013
answered,7108,16.0,2297,1.0,0.0625,16.0,0.3231570061902082,3.0944710491946017
integrity,7108,16.0,2297,1.0,0.0625,16.0,0.3231570061902082,3.0944710491946017
interplay,7108,16.0,2297,1.0,0.0625,16.0,0.3231570061902082,3.0944710491946017
86,7108,16.0,2297,1.0,0.0625,16.0,0.3231570061902082,3.0944710491946017
processors,7108,16.0,2297,1.0,0.0625,16.0,0.3231570061902082,3.0944710491946017
traveling,7108,16.0,2297,1.0,0.0625,16.0,0.3231570061902082,3.0944710491946017
deduction,7108,16.0,2297,1.0,0.0625,16.0,0.3231570061902082,3.0944710491946017
completed,7108,16.0,2297,1.0,0.0625,16.0,0.3231570061902082,3.0944710491946017
cepstral,7108,16.0,2297,1.0,0.0625,16.0,0.3231570061902082,3.0944710491946017
72,7108,16.0,2297,1.0,0.0625,16.0,0.3231570061902082,3.0944710491946017
abstracts,7108,16.0,2297,1.0,0.0625,16.0,0.3231570061902082,3.0944710491946017
seeking,7108,16.0,2297,1.0,0.0625,16.0,0.3231570061902082,3.0944710491946017
asp,7076,48.0,2295,3.0,0.0625,16.0,0.324335782928208,3.0832244008714595
verification,7045,79.0,2293,5.0,0.06329113924050633,15.8,0.3254790631653655,3.072394243349324
commercial,7077,47.0,2295,3.0,0.06382978723404255,15.666666666666666,0.32428995337007205,3.0836601307189544
describes,6922,202.0,2285,13.0,0.06435643564356436,15.538461538461538,0.33010690551863625,3.0293216630196937
stream,7062,62.0,2294,4.0,0.06451612903225806,15.5,0.32483715661285756,3.0784655623365302
city,7093,31.0,2296,2.0,0.06451612903225806,15.5,0.3236994219653179,3.0892857142857144
routing,7093,31.0,2296,2.0,0.06451612903225806,15.5,0.3236994219653179,3.0892857142857144
transportation,7093,31.0,2296,2.0,0.06451612903225806,15.5,0.3236994219653179,3.0892857142857144
customers,7093,31.0,2296,2.0,0.06451612903225806,15.5,0.3236994219653179,3.0892857142857144
recognized,7093,31.0,2296,2.0,0.06451612903225806,15.5,0.3236994219653179,3.0892857142857144
plan,7033,91.0,2292,6.0,0.06593406593406594,15.166666666666666,0.3258922223802076,3.068499127399651
plans,7049,75.0,2293,5.0,0.06666666666666667,15.0,0.32529436799546035,3.074138682948103
ten,7094,30.0,2296,2.0,0.06666666666666667,15.0,0.32365379193684807,3.0897212543554007
diagnostic,7094,30.0,2296,2.0,0.06666666666666667,15.0,0.32365379193684807,3.0897212543554007
completeness,7094,30.0,2296,2.0,0.06666666666666667,15.0,0.32365379193684807,3.0897212543554007
accepted,7094,30.0,2296,2.0,0.06666666666666667,15.0,0.32365379193684807,3.0897212543554007
reports,7064,60.0,2294,4.0,0.06666666666666667,15.0,0.32474518686296716,3.079337401918047
native,7094,30.0,2296,2.0,0.06666666666666667,15.0,0.32365379193684807,3.0897212543554007
repository,7094,30.0,2296,2.0,0.06666666666666667,15.0,0.32365379193684807,3.0897212543554007
constitute,7094,30.0,2296,2.0,0.06666666666666667,15.0,0.32365379193684807,3.0897212543554007
react,7109,15.0,2297,1.0,0.06666666666666667,15.0,0.3231115487410325,3.0949063996517197
opening,7109,15.0,2297,1.0,0.06666666666666667,15.0,0.3231115487410325,3.0949063996517197
blogs,7109,15.0,2297,1.0,0.06666666666666667,15.0,0.3231115487410325,3.0949063996517197
ago,7109,15.0,2297,1.0,0.06666666666666667,15.0,0.3231115487410325,3.0949063996517197
seamlessly,7109,15.0,2297,1.0,0.06666666666666667,15.0,0.3231115487410325,3.0949063996517197
constructive,7109,15.0,2297,1.0,0.06666666666666667,15.0,0.3231115487410325,3.0949063996517197
loops,7109,15.0,2297,1.0,0.06666666666666667,15.0,0.3231115487410325,3.0949063996517197
primitives,7109,15.0,2297,1.0,0.06666666666666667,15.0,0.3231115487410325,3.0949063996517197
prover,7109,15.0,2297,1.0,0.06666666666666667,15.0,0.3231115487410325,3.0949063996517197
stemming,7109,15.0,2297,1.0,0.06666666666666667,15.0,0.3231115487410325,3.0949063996517197
engineer,7109,15.0,2297,1.0,0.06666666666666667,15.0,0.3231115487410325,3.0949063996517197
government,7109,15.0,2297,1.0,0.06666666666666667,15.0,0.3231115487410325,3.0949063996517197
tv,7109,15.0,2297,1.0,0.06666666666666667,15.0,0.3231115487410325,3.0949063996517197
viewpoints,7109,15.0,2297,1.0,0.06666666666666667,15.0,0.3231115487410325,3.0949063996517197
courses,7109,15.0,2297,1.0,0.06666666666666667,15.0,0.3231115487410325,3.0949063996517197
classify,6991,133.0,2289,9.0,0.06766917293233082,14.777777777777779,0.32742096981833785,3.054172127566623
team,7080,44.0,2295,3.0,0.06818181818181818,14.666666666666666,0.3241525423728814,3.084967320261438
autonomous,7022,102.0,2291,7.0,0.06862745098039216,14.571428571428571,0.32626032469381944,3.0650371017023135
arabic,7066,58.0,2294,4.0,0.06896551724137931,14.5,0.3246532691763374,3.080209241499564
failure,7066,58.0,2294,4.0,0.06896551724137931,14.5,0.3246532691763374,3.080209241499564
cloud,7067,57.0,2294,4.0,0.07017543859649122,14.25,0.32460732984293195,3.0806451612903225
mining,6884,240.0,2281,17.0,0.07083333333333333,14.117647058823529,0.3313480534572923,3.0179745725558966
centers,7096,28.0,2296,2.0,0.07142857142857142,14.0,0.32356257046223225,3.0905923344947737
executed,7096,28.0,2296,2.0,0.07142857142857142,14.0,0.32356257046223225,3.0905923344947737
closure,7110,14.0,2297,1.0,0.07142857142857142,14.0,0.3230661040787623,3.0953417501088376
camera,7096,28.0,2296,2.0,0.07142857142857142,14.0,0.32356257046223225,3.0905923344947737
phone,7096,28.0,2296,2.0,0.07142857142857142,14.0,0.32356257046223225,3.0905923344947737
multiagent,7096,28.0,2296,2.0,0.07142857142857142,14.0,0.32356257046223225,3.0905923344947737
evaluates,7096,28.0,2296,2.0,0.07142857142857142,14.0,0.32356257046223225,3.0905923344947737
workshop,7110,14.0,2297,1.0,0.07142857142857142,14.0,0.3230661040787623,3.0953417501088376
preventing,7110,14.0,2297,1.0,0.07142857142857142,14.0,0.3230661040787623,3.0953417501088376
cycle,7096,28.0,2296,2.0,0.07142857142857142,14.0,0.32356257046223225,3.0905923344947737
lose,7110,14.0,2297,1.0,0.07142857142857142,14.0,0.3230661040787623,3.0953417501088376
survival,7110,14.0,2297,1.0,0.07142857142857142,14.0,0.3230661040787623,3.0953417501088376
propositions,7110,14.0,2297,1.0,0.07142857142857142,14.0,0.3230661040787623,3.0953417501088376
holistic,7110,14.0,2297,1.0,0.07142857142857142,14.0,0.3230661040787623,3.0953417501088376
cameras,7110,14.0,2297,1.0,0.07142857142857142,14.0,0.3230661040787623,3.0953417501088376
facets,7110,14.0,2297,1.0,0.07142857142857142,14.0,0.3230661040787623,3.0953417501088376
prolog,7110,14.0,2297,1.0,0.07142857142857142,14.0,0.3230661040787623,3.0953417501088376
velocity,7110,14.0,2297,1.0,0.07142857142857142,14.0,0.3230661040787623,3.0953417501088376
banks,7110,14.0,2297,1.0,0.07142857142857142,14.0,0.3230661040787623,3.0953417501088376
arriving,7110,14.0,2297,1.0,0.07142857142857142,14.0,0.3230661040787623,3.0953417501088376
exception,7110,14.0,2297,1.0,0.07142857142857142,14.0,0.3230661040787623,3.0953417501088376
emergent,7110,14.0,2297,1.0,0.07142857142857142,14.0,0.3230661040787623,3.0953417501088376
consequences,7082,42.0,2295,3.0,0.07142857142857142,14.0,0.3240609997175939,3.085838779956427
mutation,7110,14.0,2297,1.0,0.07142857142857142,14.0,0.3230661040787623,3.0953417501088376
investigated,7026,98.0,2291,7.0,0.07142857142857142,14.0,0.3260745801309422,3.0667830641641203
official,7110,14.0,2297,1.0,0.07142857142857142,14.0,0.3230661040787623,3.0953417501088376
competitions,7110,14.0,2297,1.0,0.07142857142857142,14.0,0.3230661040787623,3.0953417501088376
fire,7110,14.0,2297,1.0,0.07142857142857142,14.0,0.3230661040787623,3.0953417501088376
conflict,7083,41.0,2295,3.0,0.07317073170731707,13.666666666666666,0.3240152477763659,3.0862745098039217
classified,7083,41.0,2295,3.0,0.07317073170731707,13.666666666666666,0.3240152477763659,3.0862745098039217
databases,7029,95.0,2291,7.0,0.07368421052631578,13.571428571428571,0.3259354104424527,3.0680925360104756
era,7097,27.0,2296,2.0,0.07407407407407407,13.5,0.3235169790052135,3.09102787456446
methodologies,7097,27.0,2296,2.0,0.07407407407407407,13.5,0.3235169790052135,3.09102787456446
guidelines,7097,27.0,2296,2.0,0.07407407407407407,13.5,0.3235169790052135,3.09102787456446
trial,7097,27.0,2296,2.0,0.07407407407407407,13.5,0.3235169790052135,3.09102787456446
pareto,7097,27.0,2296,2.0,0.07407407407407407,13.5,0.3235169790052135,3.09102787456446
monitor,7097,27.0,2296,2.0,0.07407407407407407,13.5,0.3235169790052135,3.09102787456446
planner,7084,40.0,2295,3.0,0.075,13.333333333333334,0.32396950875211744,3.086710239651416
intelligence,6871,253.0,2279,19.0,0.07509881422924901,13.31578947368421,0.3316838888080338,3.014918824045634
robot,6991,133.0,2288,10.0,0.07518796992481203,13.3,0.3272779287655557,3.055506993006993
personalized,7071,53.0,2294,4.0,0.07547169811320754,13.25,0.32442370244661295,3.0823888404533566
comparative,7071,53.0,2294,4.0,0.07547169811320754,13.25,0.32442370244661295,3.0823888404533566
aiming,7071,53.0,2294,4.0,0.07547169811320754,13.25,0.32442370244661295,3.0823888404533566
protection,7111,13.0,2297,1.0,0.07692307692307693,13.0,0.32302067219800307,3.0957771005659556
straight,7111,13.0,2297,1.0,0.07692307692307693,13.0,0.32302067219800307,3.0957771005659556
phonemes,7111,13.0,2297,1.0,0.07692307692307693,13.0,0.32302067219800307,3.0957771005659556
neighboring,7111,13.0,2297,1.0,0.07692307692307693,13.0,0.32302067219800307,3.0957771005659556
bns,7111,13.0,2297,1.0,0.07692307692307693,13.0,0.32302067219800307,3.0957771005659556
listening,7111,13.0,2297,1.0,0.07692307692307693,13.0,0.32302067219800307,3.0957771005659556
85,7098,26.0,2296,2.0,0.07692307692307693,13.0,0.3234714003944773,3.091463414634146
mobile,7007,117.0,2289,9.0,0.07692307692307693,13.0,0.32667332667332666,3.0611620795107033
micro,7098,26.0,2296,2.0,0.07692307692307693,13.0,0.3234714003944773,3.091463414634146
annotators,7098,26.0,2296,2.0,0.07692307692307693,13.0,0.3234714003944773,3.091463414634146
ranks,7098,26.0,2296,2.0,0.07692307692307693,13.0,0.3234714003944773,3.091463414634146
emphasize,7111,13.0,2297,1.0,0.07692307692307693,13.0,0.32302067219800307,3.0957771005659556
informal,7098,26.0,2296,2.0,0.07692307692307693,13.0,0.3234714003944773,3.091463414634146
ilp,7111,13.0,2297,1.0,0.07692307692307693,13.0,0.32302067219800307,3.0957771005659556
lessons,7111,13.0,2297,1.0,0.07692307692307693,13.0,0.32302067219800307,3.0957771005659556
accompanied,7111,13.0,2297,1.0,0.07692307692307693,13.0,0.32302067219800307,3.0957771005659556
aids,7111,13.0,2297,1.0,0.07692307692307693,13.0,0.32302067219800307,3.0957771005659556
multitude,7111,13.0,2297,1.0,0.07692307692307693,13.0,0.32302067219800307,3.0957771005659556
conclusion,7085,39.0,2295,3.0,0.07692307692307693,13.0,0.323923782639379,3.0871459694989105
recommend,7111,13.0,2297,1.0,0.07692307692307693,13.0,0.32302067219800307,3.0957771005659556
enriched,7111,13.0,2297,1.0,0.07692307692307693,13.0,0.32302067219800307,3.0957771005659556
novice,7111,13.0,2297,1.0,0.07692307692307693,13.0,0.32302067219800307,3.0957771005659556
dialect,7111,13.0,2297,1.0,0.07692307692307693,13.0,0.32302067219800307,3.0957771005659556
vague,7111,13.0,2297,1.0,0.07692307692307693,13.0,0.32302067219800307,3.0957771005659556
deeply,7111,13.0,2297,1.0,0.07692307692307693,13.0,0.32302067219800307,3.0957771005659556
chemical,7111,13.0,2297,1.0,0.07692307692307693,13.0,0.32302067219800307,3.0957771005659556
52,7111,13.0,2297,1.0,0.07692307692307693,13.0,0.32302067219800307,3.0957771005659556
combat,7111,13.0,2297,1.0,0.07692307692307693,13.0,0.32302067219800307,3.0957771005659556
stratified,7111,13.0,2297,1.0,0.07692307692307693,13.0,0.32302067219800307,3.0957771005659556
concentrate,7111,13.0,2297,1.0,0.07692307692307693,13.0,0.32302067219800307,3.0957771005659556
quantized,7111,13.0,2297,1.0,0.07692307692307693,13.0,0.32302067219800307,3.0957771005659556
monitoring,7047,77.0,2292,6.0,0.07792207792207792,12.833333333333334,0.32524478501489995,3.074607329842932
presented,6766,358.0,2270,28.0,0.0782122905027933,12.785714285714286,0.33550103458468816,2.980616740088106
huge,7035,89.0,2291,7.0,0.07865168539325842,12.714285714285714,0.3256574271499645,3.0707114797031863
review,7010,114.0,2289,9.0,0.07894736842105263,12.666666666666666,0.3265335235378031,3.0624726955002184
traffic,7048,76.0,2292,6.0,0.07894736842105263,12.666666666666666,0.32519863791146425,3.075043630017452
forecast,7099,25.0,2296,2.0,0.08,12.5,0.323425834624595,3.091898954703833
layered,7099,25.0,2296,2.0,0.08,12.5,0.323425834624595,3.091898954703833
phoneme,7099,25.0,2296,2.0,0.08,12.5,0.323425834624595,3.091898954703833
editing,7099,25.0,2296,2.0,0.08,12.5,0.323425834624595,3.091898954703833
discussed,6999,125.0,2288,10.0,0.08,12.5,0.3269038434062009,3.0590034965034967
automata,7099,25.0,2296,2.0,0.08,12.5,0.323425834624595,3.091898954703833
robotics,7062,62.0,2293,5.0,0.08064516129032258,12.4,0.3246955536675163,3.0798081116441343
intelligent,6988,136.0,2287,11.0,0.08088235294117647,12.363636363636363,0.32727532913566115,3.055531263664189
speaker,7050,74.0,2292,6.0,0.08108108108108109,12.333333333333334,0.3251063829787234,3.075916230366492
speakers,7087,37.0,2295,3.0,0.08108108108108109,12.333333333333334,0.32383236912656976,3.0880174291938998
enhancement,7087,37.0,2295,3.0,0.08108108108108109,12.333333333333334,0.32383236912656976,3.0880174291938998
cognitive,7013,111.0,2289,9.0,0.08108108108108109,12.333333333333334,0.32639384001140737,3.0637833114897335
prototype,7075,49.0,2294,4.0,0.08163265306122448,12.25,0.32424028268551236,3.0841325196163907
definitions,7063,61.0,2293,5.0,0.08196721311475409,12.2,0.3246495823304545,3.080244221543829
project,7015,109.0,2289,9.0,0.08256880733944955,12.11111111111111,0.3263007840342124,3.0646570554827437
abnormal,7112,12.0,2297,1.0,0.08333333333333333,12.0,0.32297525309336333,3.0962124510230735
id,7112,12.0,2297,1.0,0.08333333333333333,12.0,0.32297525309336333,3.0962124510230735
adaptable,7112,12.0,2297,1.0,0.08333333333333333,12.0,0.32297525309336333,3.0962124510230735
plant,7112,12.0,2297,1.0,0.08333333333333333,12.0,0.32297525309336333,3.0962124510230735
gave,7112,12.0,2297,1.0,0.08333333333333333,12.0,0.32297525309336333,3.0962124510230735
exposure,7112,12.0,2297,1.0,0.08333333333333333,12.0,0.32297525309336333,3.0962124510230735
interests,7088,36.0,2295,3.0,0.08333333333333333,12.0,0.3237866817155756,3.088453159041394
trends,7088,36.0,2295,3.0,0.08333333333333333,12.0,0.3237866817155756,3.088453159041394
experiences,7088,36.0,2295,3.0,0.08333333333333333,12.0,0.3237866817155756,3.088453159041394
biomedical,7088,36.0,2295,3.0,0.08333333333333333,12.0,0.3237866817155756,3.088453159041394
smartphones,7112,12.0,2297,1.0,0.08333333333333333,12.0,0.32297525309336333,3.0962124510230735
electric,7112,12.0,2297,1.0,0.08333333333333333,12.0,0.32297525309336333,3.0962124510230735
sp,7112,12.0,2297,1.0,0.08333333333333333,12.0,0.32297525309336333,3.0962124510230735
schedules,7112,12.0,2297,1.0,0.08333333333333333,12.0,0.32297525309336333,3.0962124510230735
curves,7112,12.0,2297,1.0,0.08333333333333333,12.0,0.32297525309336333,3.0962124510230735
38,7112,12.0,2297,1.0,0.08333333333333333,12.0,0.32297525309336333,3.0962124510230735
63,7112,12.0,2297,1.0,0.08333333333333333,12.0,0.32297525309336333,3.0962124510230735
undecidable,7112,12.0,2297,1.0,0.08333333333333333,12.0,0.32297525309336333,3.0962124510230735
featuring,7112,12.0,2297,1.0,0.08333333333333333,12.0,0.32297525309336333,3.0962124510230735
pointed,7112,12.0,2297,1.0,0.08333333333333333,12.0,0.32297525309336333,3.0962124510230735
designer,7112,12.0,2297,1.0,0.08333333333333333,12.0,0.32297525309336333,3.0962124510230735
degrades,7112,12.0,2297,1.0,0.08333333333333333,12.0,0.32297525309336333,3.0962124510230735
raise,7112,12.0,2297,1.0,0.08333333333333333,12.0,0.32297525309336333,3.0962124510230735
specification,7052,72.0,2292,6.0,0.08333333333333333,12.0,0.32501418037436186,3.0767888307155324
production,7076,48.0,2294,4.0,0.08333333333333333,12.0,0.32419446014697567,3.084568439407149
companion,7112,12.0,2297,1.0,0.08333333333333333,12.0,0.32297525309336333,3.0962124510230735
eliciting,7112,12.0,2297,1.0,0.08333333333333333,12.0,0.32297525309336333,3.0962124510230735
table,7076,48.0,2294,4.0,0.08333333333333333,12.0,0.32419446014697567,3.084568439407149
newspaper,7112,12.0,2297,1.0,0.08333333333333333,12.0,0.32297525309336333,3.0962124510230735
connectionist,7100,24.0,2296,2.0,0.08333333333333333,12.0,0.3233802816901408,3.092334494773519
websites,7100,24.0,2296,2.0,0.08333333333333333,12.0,0.3233802816901408,3.092334494773519
skewed,7112,12.0,2297,1.0,0.08333333333333333,12.0,0.32297525309336333,3.0962124510230735
tremendous,7100,24.0,2296,2.0,0.08333333333333333,12.0,0.3233802816901408,3.092334494773519
seamless,7112,12.0,2297,1.0,0.08333333333333333,12.0,0.32297525309336333,3.0962124510230735
groupings,7112,12.0,2297,1.0,0.08333333333333333,12.0,0.32297525309336333,3.0962124510230735
instantiated,7112,12.0,2297,1.0,0.08333333333333333,12.0,0.32297525309336333,3.0962124510230735
negotiation,7112,12.0,2297,1.0,0.08333333333333333,12.0,0.32297525309336333,3.0962124510230735
controllable,7112,12.0,2297,1.0,0.08333333333333333,12.0,0.32297525309336333,3.0962124510230735
attempting,7112,12.0,2297,1.0,0.08333333333333333,12.0,0.32297525309336333,3.0962124510230735
alternate,7112,12.0,2297,1.0,0.08333333333333333,12.0,0.32297525309336333,3.0962124510230735
wind,7112,12.0,2297,1.0,0.08333333333333333,12.0,0.32297525309336333,3.0962124510230735
impossibility,7112,12.0,2297,1.0,0.08333333333333333,12.0,0.32297525309336333,3.0962124510230735
outstanding,7112,12.0,2297,1.0,0.08333333333333333,12.0,0.32297525309336333,3.0962124510230735
exemplify,7112,12.0,2297,1.0,0.08333333333333333,12.0,0.32297525309336333,3.0962124510230735
pi,7112,12.0,2297,1.0,0.08333333333333333,12.0,0.32297525309336333,3.0962124510230735
reused,7112,12.0,2297,1.0,0.08333333333333333,12.0,0.32297525309336333,3.0962124510230735
participate,7112,12.0,2297,1.0,0.08333333333333333,12.0,0.32297525309336333,3.0962124510230735
motivations,7112,12.0,2297,1.0,0.08333333333333333,12.0,0.32297525309336333,3.0962124510230735
queried,7112,12.0,2297,1.0,0.08333333333333333,12.0,0.32297525309336333,3.0962124510230735
comprises,7100,24.0,2296,2.0,0.08333333333333333,12.0,0.3233802816901408,3.092334494773519
serves,7100,24.0,2296,2.0,0.08333333333333333,12.0,0.3233802816901408,3.092334494773519
interfaces,7077,47.0,2294,4.0,0.0851063829787234,11.75,0.3241486505581461,3.0850043591979075
briefly,7089,35.0,2295,3.0,0.08571428571428572,11.666666666666666,0.3237410071942446,3.088888888888889
dl,7089,35.0,2295,3.0,0.08571428571428572,11.666666666666666,0.3237410071942446,3.088888888888889
appearance,7089,35.0,2295,3.0,0.08571428571428572,11.666666666666666,0.3237410071942446,3.088888888888889
streams,7066,58.0,2293,5.0,0.08620689655172414,11.6,0.324511746391169,3.0815525512429134
characteristics,6962,162.0,2284,14.0,0.08641975308641975,11.571428571428571,0.32806664751508186,3.0481611208406303
ontologies,7043,81.0,2291,7.0,0.08641975308641975,11.571428571428571,0.32528751952293056,3.0742034046268003
care,7078,46.0,2294,4.0,0.08695652173913043,11.5,0.3241028539135349,3.085440278988666
numeric,7101,23.0,2296,2.0,0.08695652173913043,11.5,0.32333474158569214,3.0927700348432055
mlp,7101,23.0,2296,2.0,0.08695652173913043,11.5,0.32333474158569214,3.0927700348432055
drive,7101,23.0,2296,2.0,0.08695652173913043,11.5,0.32333474158569214,3.0927700348432055
brought,7101,23.0,2296,2.0,0.08695652173913043,11.5,0.32333474158569214,3.0927700348432055
determination,7101,23.0,2296,2.0,0.08695652173913043,11.5,0.32333474158569214,3.0927700348432055
gmm,7101,23.0,2296,2.0,0.08695652173913043,11.5,0.32333474158569214,3.0927700348432055
satisfaction,7055,69.0,2292,6.0,0.08695652173913043,11.5,0.32487597448618,3.0780977312390925
deliver,7101,23.0,2296,2.0,0.08695652173913043,11.5,0.32333474158569214,3.0927700348432055
grammars,7101,23.0,2296,2.0,0.08695652173913043,11.5,0.32333474158569214,3.0927700348432055
room,7101,23.0,2296,2.0,0.08695652173913043,11.5,0.32333474158569214,3.0927700348432055
exploratory,7101,23.0,2296,2.0,0.08695652173913043,11.5,0.32333474158569214,3.0927700348432055
acting,7101,23.0,2296,2.0,0.08695652173913043,11.5,0.32333474158569214,3.0927700348432055
managing,7101,23.0,2296,2.0,0.08695652173913043,11.5,0.32333474158569214,3.0927700348432055
web,6860,264.0,2275,23.0,0.08712121212121213,11.478260869565217,0.33163265306122447,3.0153846153846153
now,7033,91.0,2290,8.0,0.08791208791208792,11.375,0.32560784871320914,3.07117903930131
reliable,7022,102.0,2289,9.0,0.08823529411764706,11.333333333333334,0.3259755055539732,3.0677151594582788
university,7090,34.0,2295,3.0,0.08823529411764706,11.333333333333334,0.3236953455571227,3.0893246187363834
clauses,7090,34.0,2295,3.0,0.08823529411764706,11.333333333333334,0.3236953455571227,3.0893246187363834
modifying,7090,34.0,2295,3.0,0.08823529411764706,11.333333333333334,0.3236953455571227,3.0893246187363834
job,7090,34.0,2295,3.0,0.08823529411764706,11.333333333333334,0.3236953455571227,3.0893246187363834
98,7090,34.0,2295,3.0,0.08823529411764706,11.333333333333334,0.3236953455571227,3.0893246187363834
vast,7079,45.0,2294,4.0,0.08888888888888889,11.25,0.32405707020765645,3.0858761987794248
diagrams,7079,45.0,2294,4.0,0.08888888888888889,11.25,0.32405707020765645,3.0858761987794248
automated,6900,224.0,2278,20.0,0.08928571428571429,11.2,0.33014492753623187,3.028972783143108
competition,7057,67.0,2292,6.0,0.08955223880597014,11.166666666666666,0.3247839025081479,3.0789703315881325
category,7036,88.0,2290,8.0,0.09090909090909091,11.0,0.3254690164866401,3.0724890829694322
pattern,6948,176.0,2282,16.0,0.09090909090909091,11.0,0.3284398388025331,3.044697633654689
vgg,7113,11.0,2297,1.0,0.09090909090909091,11.0,0.3229298467594545,3.0966478014801915
daily,7080,44.0,2294,4.0,0.09090909090909091,11.0,0.32401129943502827,3.086312118570183
academia,7113,11.0,2297,1.0,0.09090909090909091,11.0,0.3229298467594545,3.0966478014801915
anticipate,7113,11.0,2297,1.0,0.09090909090909091,11.0,0.3229298467594545,3.0966478014801915
readability,7113,11.0,2297,1.0,0.09090909090909091,11.0,0.3229298467594545,3.0966478014801915
misleading,7113,11.0,2297,1.0,0.09090909090909091,11.0,0.3229298467594545,3.0966478014801915
posted,7113,11.0,2297,1.0,0.09090909090909091,11.0,0.3229298467594545,3.0966478014801915
repetitive,7113,11.0,2297,1.0,0.09090909090909091,11.0,0.3229298467594545,3.0966478014801915
aerial,7113,11.0,2297,1.0,0.09090909090909091,11.0,0.3229298467594545,3.0966478014801915
universe,7113,11.0,2297,1.0,0.09090909090909091,11.0,0.3229298467594545,3.0966478014801915
decides,7113,11.0,2297,1.0,0.09090909090909091,11.0,0.3229298467594545,3.0966478014801915
replicate,7113,11.0,2297,1.0,0.09090909090909091,11.0,0.3229298467594545,3.0966478014801915
harmonic,7113,11.0,2297,1.0,0.09090909090909091,11.0,0.3229298467594545,3.0966478014801915
deemed,7113,11.0,2297,1.0,0.09090909090909091,11.0,0.3229298467594545,3.0966478014801915
app,7113,11.0,2297,1.0,0.09090909090909091,11.0,0.3229298467594545,3.0966478014801915
stems,7113,11.0,2297,1.0,0.09090909090909091,11.0,0.3229298467594545,3.0966478014801915
ing,7113,11.0,2297,1.0,0.09090909090909091,11.0,0.3229298467594545,3.0966478014801915
military,7113,11.0,2297,1.0,0.09090909090909091,11.0,0.3229298467594545,3.0966478014801915
attitudes,7113,11.0,2297,1.0,0.09090909090909091,11.0,0.3229298467594545,3.0966478014801915
aggregates,7113,11.0,2297,1.0,0.09090909090909091,11.0,0.3229298467594545,3.0966478014801915
tournament,7113,11.0,2297,1.0,0.09090909090909091,11.0,0.3229298467594545,3.0966478014801915
expense,7113,11.0,2297,1.0,0.09090909090909091,11.0,0.3229298467594545,3.0966478014801915
atom,7113,11.0,2297,1.0,0.09090909090909091,11.0,0.3229298467594545,3.0966478014801915
adopts,7113,11.0,2297,1.0,0.09090909090909091,11.0,0.3229298467594545,3.0966478014801915
nvidia,7113,11.0,2297,1.0,0.09090909090909091,11.0,0.3229298467594545,3.0966478014801915
ethical,7113,11.0,2297,1.0,0.09090909090909091,11.0,0.3229298467594545,3.0966478014801915
gestures,7113,11.0,2297,1.0,0.09090909090909091,11.0,0.3229298467594545,3.0966478014801915
tsp,7113,11.0,2297,1.0,0.09090909090909091,11.0,0.3229298467594545,3.0966478014801915
avoidance,7113,11.0,2297,1.0,0.09090909090909091,11.0,0.3229298467594545,3.0966478014801915
sparseness,7113,11.0,2297,1.0,0.09090909090909091,11.0,0.3229298467594545,3.0966478014801915
summarizes,7113,11.0,2297,1.0,0.09090909090909091,11.0,0.3229298467594545,3.0966478014801915
ct,7113,11.0,2297,1.0,0.09090909090909091,11.0,0.3229298467594545,3.0966478014801915
taxonomies,7113,11.0,2297,1.0,0.09090909090909091,11.0,0.3229298467594545,3.0966478014801915
snippets,7113,11.0,2297,1.0,0.09090909090909091,11.0,0.3229298467594545,3.0966478014801915
intricate,7113,11.0,2297,1.0,0.09090909090909091,11.0,0.3229298467594545,3.0966478014801915
twenty,7113,11.0,2297,1.0,0.09090909090909091,11.0,0.3229298467594545,3.0966478014801915
qualities,7113,11.0,2297,1.0,0.09090909090909091,11.0,0.3229298467594545,3.0966478014801915
advancement,7113,11.0,2297,1.0,0.09090909090909091,11.0,0.3229298467594545,3.0966478014801915
geometrical,7113,11.0,2297,1.0,0.09090909090909091,11.0,0.3229298467594545,3.0966478014801915
reflecting,7113,11.0,2297,1.0,0.09090909090909091,11.0,0.3229298467594545,3.0966478014801915
42,7113,11.0,2297,1.0,0.09090909090909091,11.0,0.3229298467594545,3.0966478014801915
emerges,7113,11.0,2297,1.0,0.09090909090909091,11.0,0.3229298467594545,3.0966478014801915
noises,7113,11.0,2297,1.0,0.09090909090909091,11.0,0.3229298467594545,3.0966478014801915
pivotal,7113,11.0,2297,1.0,0.09090909090909091,11.0,0.3229298467594545,3.0966478014801915
leaf,7113,11.0,2297,1.0,0.09090909090909091,11.0,0.3229298467594545,3.0966478014801915
extractors,7113,11.0,2297,1.0,0.09090909090909091,11.0,0.3229298467594545,3.0966478014801915
ap,7113,11.0,2297,1.0,0.09090909090909091,11.0,0.3229298467594545,3.0966478014801915
consume,7113,11.0,2297,1.0,0.09090909090909091,11.0,0.3229298467594545,3.0966478014801915
documentation,7113,11.0,2297,1.0,0.09090909090909091,11.0,0.3229298467594545,3.0966478014801915
theorems,7102,22.0,2296,2.0,0.09090909090909091,11.0,0.32328921430582935,3.093205574912892
penetration,7113,11.0,2297,1.0,0.09090909090909091,11.0,0.3229298467594545,3.0966478014801915
diseases,7091,33.0,2295,3.0,0.09090909090909091,11.0,0.323649696798759,3.089760348583878
innovative,7091,33.0,2295,3.0,0.09090909090909091,11.0,0.323649696798759,3.089760348583878
logs,7091,33.0,2295,3.0,0.09090909090909091,11.0,0.323649696798759,3.089760348583878
gathering,7102,22.0,2296,2.0,0.09090909090909091,11.0,0.32328921430582935,3.093205574912892
adjacency,7113,11.0,2297,1.0,0.09090909090909091,11.0,0.3229298467594545,3.0966478014801915
quantification,7102,22.0,2296,2.0,0.09090909090909091,11.0,0.32328921430582935,3.093205574912892
wsd,7113,11.0,2297,1.0,0.09090909090909091,11.0,0.3229298467594545,3.0966478014801915
publications,7102,22.0,2296,2.0,0.09090909090909091,11.0,0.32328921430582935,3.093205574912892
intention,7102,22.0,2296,2.0,0.09090909090909091,11.0,0.32328921430582935,3.093205574912892
italian,7102,22.0,2296,2.0,0.09090909090909091,11.0,0.32328921430582935,3.093205574912892
advice,7102,22.0,2296,2.0,0.09090909090909091,11.0,0.32328921430582935,3.093205574912892
diabetes,7113,11.0,2297,1.0,0.09090909090909091,11.0,0.3229298467594545,3.0966478014801915
discriminating,7113,11.0,2297,1.0,0.09090909090909091,11.0,0.3229298467594545,3.0966478014801915
pedestrian,7113,11.0,2297,1.0,0.09090909090909091,11.0,0.3229298467594545,3.0966478014801915
fusing,7113,11.0,2297,1.0,0.09090909090909091,11.0,0.3229298467594545,3.0966478014801915
waveform,7113,11.0,2297,1.0,0.09090909090909091,11.0,0.3229298467594545,3.0966478014801915
parents,7113,11.0,2297,1.0,0.09090909090909091,11.0,0.3229298467594545,3.0966478014801915
signatures,7113,11.0,2297,1.0,0.09090909090909091,11.0,0.3229298467594545,3.0966478014801915
biometric,7113,11.0,2297,1.0,0.09090909090909091,11.0,0.3229298467594545,3.0966478014801915
detected,7070,54.0,2293,5.0,0.09259259259259259,10.8,0.32432814710042435,3.083296990841692
acquired,7081,43.0,2294,4.0,0.09302325581395349,10.75,0.3239655415901709,3.0867480383609416
included,7092,32.0,2295,3.0,0.09375,10.666666666666666,0.3236040609137056,3.0901960784313727
owl,7092,32.0,2295,3.0,0.09375,10.666666666666666,0.3236040609137056,3.0901960784313727
possibility,7028,96.0,2289,9.0,0.09375,10.666666666666666,0.3256972111553785,3.070336391437309
discrimination,7092,32.0,2295,3.0,0.09375,10.666666666666666,0.3236040609137056,3.0901960784313727
inside,7082,42.0,2294,4.0,0.09523809523809523,10.5,0.323919796667608,3.0871839581517
fault,7103,21.0,2296,2.0,0.09523809523809523,10.5,0.32324369984513585,3.0936411149825784
library,7061,63.0,2292,6.0,0.09523809523809523,10.5,0.3245999150262003,3.080715532286213
formed,7082,42.0,2294,4.0,0.09523809523809523,10.5,0.323919796667608,3.0871839581517
multidimensional,7103,21.0,2296,2.0,0.09523809523809523,10.5,0.32324369984513585,3.0936411149825784
mine,7103,21.0,2296,2.0,0.09523809523809523,10.5,0.32324369984513585,3.0936411149825784
realize,7103,21.0,2296,2.0,0.09523809523809523,10.5,0.32324369984513585,3.0936411149825784
compactly,7103,21.0,2296,2.0,0.09523809523809523,10.5,0.32324369984513585,3.0936411149825784
foundation,7082,42.0,2294,4.0,0.09523809523809523,10.5,0.323919796667608,3.0871839581517
transmission,7103,21.0,2296,2.0,0.09523809523809523,10.5,0.32324369984513585,3.0936411149825784
reader,7103,21.0,2296,2.0,0.09523809523809523,10.5,0.32324369984513585,3.0936411149825784
future,6841,283.0,2271,27.0,0.09540636042402827,10.481481481481481,0.3319690103785996,3.0123293703214444
concepts,6915,209.0,2278,20.0,0.09569377990430622,10.45,0.3294287780187997,3.0355575065847233
were,6769,355.0,2264,34.0,0.09577464788732394,10.441176470588236,0.3344659477027626,2.989840989399293
area,6947,177.0,2281,17.0,0.096045197740113,10.411764705882353,0.32834316971354544,3.045594037702762
index,7072,52.0,2293,5.0,0.09615384615384616,10.4,0.32423642533936653,3.0841692106410816
traces,7093,31.0,2295,3.0,0.0967741935483871,10.333333333333334,0.32355843789651767,3.090631808278867
possibilities,7093,31.0,2295,3.0,0.0967741935483871,10.333333333333334,0.32355843789651767,3.090631808278867
redundant,7093,31.0,2295,3.0,0.0967741935483871,10.333333333333334,0.32355843789651767,3.090631808278867
emphasis,7093,31.0,2295,3.0,0.0967741935483871,10.333333333333334,0.32355843789651767,3.090631808278867
reviews,7052,72.0,2291,7.0,0.09722222222222222,10.285714285714286,0.32487237663074303,3.0781318201658663
root,7083,41.0,2294,4.0,0.0975609756097561,10.25,0.32387406466186647,3.0876198779424584
claim,7083,41.0,2294,4.0,0.0975609756097561,10.25,0.32387406466186647,3.0876198779424584
employed,7001,123.0,2286,12.0,0.0975609756097561,10.25,0.3265247821739751,3.062554680664917
false,7073,51.0,2293,5.0,0.09803921568627451,10.2,0.32419058391064615,3.0846053205407764
showed,7022,102.0,2288,10.0,0.09803921568627451,10.2,0.32583309598405014,3.069055944055944
sensor,7022,102.0,2288,10.0,0.09803921568627451,10.2,0.32583309598405014,3.069055944055944
configuration,7063,61.0,2292,6.0,0.09836065573770492,10.166666666666666,0.3245079994336684,3.081588132635253
opinion,7053,71.0,2291,7.0,0.09859154929577464,10.142857142857142,0.324826315043244,3.078568310781318
