feature,count0@False,count1@False,count0@True,count1@True
constituency,7124,0,2286,12
subgradient,7124,0,2291,7
saga,7124,0,2292,6
sag,7124,0,2293,5
regularizations,7124,0,2293,5
luce,7124,0,2294,4
markedly,7124,0,2294,4
noising,7124,0,2294,4
razor,7124,0,2294,4
rescaling,7124,0,2294,4
ontonotes,7124,0,2295,3
factoring,7124,0,2295,3
losers,7124,0,2295,3
dgms,7124,0,2295,3
exp3,7124,0,2295,3
variates,7124,0,2295,3
exchangeability,7124,0,2295,3
cvar,7124,0,2295,3
exchangeable,7124,0,2295,3
gumbel,7124,0,2295,3
dirac,7124,0,2295,3
terry,7124,0,2295,3
mujoco,7124,0,2295,3
paraphrastic,7124,0,2295,3
nade,7124,0,2295,3
rmsprop,7124,0,2295,3
textsc,7124,0,2295,3
conjugacy,7124,0,2295,3
psrl,7124,0,2295,3
bradley,7124,0,2295,3
polya,7124,0,2295,3
equivariant,7124,0,2295,3
geoquery,7124,0,2295,3
workhorse,7124,0,2295,3
holographic,7124,0,2295,3
supermodular,7124,0,2295,3
planted,7124,0,2295,3
inherited,7124,0,2295,3
mbox,7124,0,2295,3
overnight,7124,0,2295,3
maximising,7124,0,2295,3
softly,7124,0,2295,3
multiwinner,7124,0,2295,3
cccp,7124,0,2295,3
pu,7124,0,2295,3
optionally,7124,0,2295,3
blockmodel,7124,0,2295,3
elapsed,7124,0,2295,3
arora,7124,0,2295,3
parallelizes,7124,0,2296,2
rn,7124,0,2296,2
eccentricity,7124,0,2296,2
rmn,7124,0,2296,2
detectability,7124,0,2296,2
cocoa,7124,0,2296,2
concordant,7124,0,2296,2
stitch,7124,0,2296,2
rivals,7124,0,2296,2
16x,7124,0,2296,2
lovasz,7124,0,2296,2
stick,7124,0,2296,2
ols,7124,0,2296,2
dan,7124,0,2296,2
theoreticians,7124,0,2296,2
wikitext,7124,0,2296,2
frugal,7124,0,2296,2
cascadekl,7124,0,2296,2
wrongly,7124,0,2296,2
rfloor,7124,0,2296,2
wikiqa,7124,0,2296,2
thurstone,7124,0,2296,2
keypoint,7124,0,2296,2
stead,7124,0,2296,2
prioritizes,7124,0,2296,2
rewarded,7124,0,2296,2
interpreters,7124,0,2296,2
interprets,7124,0,2296,2
interrelations,7124,0,2296,2
metagrad,7124,0,2296,2
luckily,7124,0,2296,2
btl,7124,0,2296,2
edu,7124,0,2296,2
gcns,7124,0,2296,2
interclass,7124,0,2296,2
oja,7124,0,2296,2
exemplifies,7124,0,2296,2
definiteness,7124,0,2296,2
cfr,7124,0,2296,2
friedman,7124,0,2296,2
brownian,7124,0,2296,2
undiscounted,7124,0,2296,2
inventories,7124,0,2296,2
rollouts,7124,0,2296,2
dyer,7124,0,2296,2
bcfw,7124,0,2296,2
irrepresentability,7124,0,2296,2
retrospect,7124,0,2296,2
imputations,7124,0,2296,2
cointegration,7124,0,2296,2
rewrites,7124,0,2296,2
functionals,7124,0,2296,2
nr,7124,0,2296,2
chromatin,7124,0,2296,2
paucity,7124,0,2296,2
binarizing,7124,0,2296,2
swimming,7124,0,2296,2
svi,7124,0,2296,2
embarrassingly,7124,0,2296,2
amplifies,7124,0,2296,2
hall,7124,0,2296,2
wold,7124,0,2296,2
sweeps,7124,0,2296,2
sbns,7124,0,2296,2
unrealistically,7124,0,2296,2
unos,7124,0,2296,2
overtly,7124,0,2296,2
gae,7124,0,2296,2
perplexities,7124,0,2296,2
morphing,7124,0,2296,2
illuminates,7124,0,2296,2
tar,7124,0,2296,2
grant,7124,0,2296,2
citet,7124,0,2296,2
fw,7124,0,2296,2
tall,7124,0,2296,2
tbcnn,7124,0,2296,2
webquestionssp,7124,0,2296,2
dcgan,7124,0,2296,2
datapoint,7124,0,2296,2
componentwise,7124,0,2296,2
overestimations,7124,0,2296,2
morpho,7124,0,2296,2
compounded,7124,0,2296,2
unmixing,7124,0,2296,2
lfloor,7124,0,2296,2
2016b,7124,0,2296,2
tsybakov,7124,0,2296,2
toeplitz,7124,0,2296,2
zeroshot,7124,0,2296,2
prec,7124,0,2296,2
3a,7124,0,2296,2
kaczmarz,7124,0,2296,2
parametrizations,7124,0,2296,2
lspi,7124,0,2296,2
parametrisation,7124,0,2296,2
bribery,7124,0,2296,2
alsh,7124,0,2296,2
plateau,7124,0,2296,2
wieting,7124,0,2296,2
fillers,7124,0,2296,2
collapses,7124,0,2296,2
contenders,7124,0,2296,2
reparametrizations,7124,0,2296,2
impedes,7124,0,2296,2
d_k,7124,0,2296,2
biped,7124,0,2296,2
aamas,7124,0,2296,2
25x,7124,0,2296,2
conical,7124,0,2296,2
lceil,7124,0,2296,2
ablative,7124,0,2296,2
nonconvexity,7124,0,2296,2
pi_,7124,0,2296,2
htp,7124,0,2296,2
whatsoever,7124,0,2296,2
vaes,7124,0,2296,2
tilting,7124,0,2296,2
laplacians,7124,0,2296,2
torque,7124,0,2296,2
recipient,7124,0,2296,2
2s,7124,0,2296,2
codecs,7124,0,2296,2
ada,7124,0,2296,2
ucrl2,7124,0,2296,2
subfamily,7124,0,2296,2
balcan,7124,0,2296,2
supplying,7124,0,2296,2
jaco,7124,0,2296,2
deeplab,7124,0,2296,2
lanczos,7124,0,2296,2
plackett,7124,0,2296,2
subgradients,7124,0,2296,2
suggestive,7124,0,2296,2
martingales,7124,0,2296,2
operationalize,7124,0,2296,2
sublinearly,7124,0,2296,2
sos,7124,0,2296,2
realizability,7124,0,2296,2
ggms,7124,0,2296,2
5k,7124,0,2296,2
x_n,7124,0,2296,2
shamir,7124,0,2296,2
sinkhorn,7124,0,2296,2
candecomp,7124,0,2296,2
initialise,7124,0,2296,2
ggm,7124,0,2296,2
suddenly,7124,0,2296,2
marginalize,7124,0,2296,2
consult,7124,0,2296,2
inheriting,7124,0,2296,2
minecraft,7124,0,2296,2
misbehavior,7124,0,2296,2
sukhbaatar,7124,0,2296,2
argmax,7124,0,2296,2
sgld,7124,0,2296,2
ucca,7124,0,2296,2
rceil,7124,0,2296,2
arjevani,7124,0,2296,2
stumbling,7124,0,2296,2
parafac,7124,0,2296,2
reinterpret,7124,0,2296,2
cumulants,7124,0,2296,2
miscalibration,7124,0,2296,2
evd,7124,0,2296,2
elho,7124,0,2296,2
landmarking,7124,0,2296,2
sma,7124,0,2296,2
waerden,7124,0,2297,1
walker2d,7124,0,2297,1
3b,7124,0,2297,1
negotiated,7124,0,2297,1
ace2004,7124,0,2297,1
dmfas,7124,0,2297,1
freestyle,7124,0,2297,1
ncca,7124,0,2297,1
ace2005,7124,0,2297,1
sga,7124,0,2297,1
canada,7124,0,2297,1
666,7124,0,2297,1
photometric,7124,0,2297,1
neghboring,7124,0,2297,1
halfcheetah,7124,0,2297,1
kuhlmann,7124,0,2297,1
verbnet,7124,0,2297,1
commnn,7124,0,2297,1
fidelities,7124,0,2297,1
negentropy,7124,0,2297,1
frechet,7124,0,2297,1
mcallester,7124,0,2297,1
700k,7124,0,2297,1
freebase2m,7124,0,2297,1
kube,7124,0,2297,1
passability,7124,0,2297,1
cryptographically,7124,0,2297,1
freebase5m,7124,0,2297,1
wmt11,7124,0,2297,1
glaring,7124,0,2297,1
wordembeddings,7124,0,2297,1
venugopalan,7124,0,2297,1
3s,7124,0,2297,1
dmn,7124,0,2297,1
uinervtisy,7124,0,2297,1
bartok,7124,0,2297,1
doc2vecc,7124,0,2297,1
ultradense,7124,0,2297,1
kpca,7124,0,2297,1
nonconjugate,7124,0,2297,1
figment,7124,0,2297,1
1973,7124,0,2297,1
wordrank,7124,0,2297,1
orf,7124,0,2297,1
692,7124,0,2297,1
acquaintances,7124,0,2297,1
sgvi,7124,0,2297,1
cooperated,7124,0,2297,1
hampers,7124,0,2297,1
candes,7124,0,2297,1
noncontiguous,7124,0,2297,1
67f,7124,0,2297,1
ncuts,7124,0,2297,1
handily,7124,0,2297,1
ordinally,7124,0,2297,1
ulary,7124,0,2297,1
677,7124,0,2297,1
extrinsically,7124,0,2297,1
obeys,7124,0,2297,1
reharmonize,7124,0,2297,1
wordpiece,7124,0,2297,1
organ,7124,0,2297,1
fracture,7124,0,2297,1
pi2,7124,0,2297,1
ncbi,7124,0,2297,1
uhlenbeck,7124,0,2297,1
1952,7124,0,2297,1
coombs,7124,0,2297,1
obfuscate,7124,0,2297,1
gcb,7124,0,2297,1
uncorrupted,7124,0,2297,1
worldness,7124,0,2297,1
combucb,7124,0,2297,1
picked,7124,0,2297,1
activates,7124,0,2297,1
obj2text,7124,0,2297,1
nbt,7124,0,2297,1
noncrossing,7124,0,2297,1
bebfs,7124,0,2297,1
hardoon,7124,0,2297,1
cancels,7124,0,2297,1
exacerbates,7124,0,2297,1
kp,7124,0,2297,1
1936,7124,0,2297,1
girard,7124,0,2297,1
acdc,7124,0,2297,1
ksds,7124,0,2297,1
uncountably,7124,0,2297,1
webqsp,7124,0,2297,1
weightage,7124,0,2297,1
263k,7124,0,2297,1
penalizations,7124,0,2297,1
penalize,7124,0,2297,1
untranslated,7124,0,2297,1
rds,7124,0,2297,1
untrusted,7124,0,2297,1
gamp,7124,0,2297,1
pege,7124,0,2297,1
complication,7124,0,2297,1
dtm,7124,0,2297,1
exploded,7124,0,2297,1
graining,7124,0,2297,1
melodic,7124,0,2297,1
complicate,7124,0,2297,1
cqt,7124,0,2297,1
catena,7124,0,2297,1
availabilty,7124,0,2297,1
graduated,7124,0,2297,1
wec,7124,0,2297,1
nmdr,7124,0,2297,1
solicitation,7124,0,2297,1
gohari,7124,0,2297,1
rddcrp,7124,0,2297,1
somatosensory,7124,0,2297,1
dtol,7124,0,2297,1
dtrees,7124,0,2297,1
memdec,7124,0,2297,1
urnn,7124,0,2297,1
overwritten,7124,0,2297,1
95k,7124,0,2297,1
2a,7124,0,2297,1
sorf,7124,0,2297,1
sorely,7124,0,2297,1
pege2,7124,0,2297,1
untangles,7124,0,2297,1
rcm,7124,0,2297,1
320x420,7124,0,2297,1
fvss,7124,0,2297,1
untampered,7124,0,2297,1
fvs,7124,0,2297,1
fazel,7124,0,2297,1
_of,7124,0,2297,1
_residence,7124,0,2297,1
corpuslevel,7124,0,2297,1
gnr,7124,0,2297,1
_t,7124,0,2297,1
overfiting,7124,0,2297,1
_without_,7124,0,2297,1
nickel,7124,0,2297,1
futures,7124,0,2297,1
waxed,7124,0,2297,1
gralap,7124,0,2297,1
nonactively,7124,0,2297,1
orienting,7124,0,2297,1
franchise,7124,0,2297,1
krylov,7124,0,2297,1
farther,7124,0,2297,1
figar,7124,0,2297,1
wooden,7124,0,2297,1
wooldridge,7124,0,2297,1
unaries,7124,0,2297,1
nebulous,7124,0,2297,1
nebel,7124,0,2297,1
martens,7124,0,2297,1
hamiltonians,7124,0,2297,1
ksd,7124,0,2297,1
gogod,7124,0,2297,1
orientated,7124,0,2297,1
dnlog,7124,0,2297,1
krasulina,7124,0,2297,1
dncp,7124,0,2297,1
reinflection,7124,0,2297,1
mart,7124,0,2297,1
orphadata,7124,0,2297,1
marry,7124,0,2297,1
nonce,7124,0,2297,1
fickle,7124,0,2297,1
pharmgkb,7124,0,2297,1
cosamp,7124,0,2297,1
extremality,7124,0,2297,1
unattractive,7124,0,2297,1
wonder,7124,0,2297,1
melding,7124,0,2297,1
mcb,7124,0,2297,1
unvisited,7124,0,2297,1
comprehending,7124,0,2297,1
gnugo,7124,0,2297,1
npi,7124,0,2297,1
fwer,7124,0,2297,1
pegasos,7124,0,2297,1
fb20,7124,0,2297,1
1927,7124,0,2297,1
copynet,7124,0,2297,1
connotation,7124,0,2297,1
langpro,7124,0,2297,1
dobrushin,7124,0,2297,1
ornstein,7124,0,2297,1
wale,7124,0,2297,1
cs1,7124,0,2297,1
doa,7124,0,2297,1
acids,7124,0,2297,1
orlin,7124,0,2297,1
extrema,7124,0,2297,1
krizhevsky,7124,0,2297,1
krondpp,7124,0,2297,1
workhorses,7124,0,2297,1
unfoldings,7124,0,2297,1
fbfft,7124,0,2297,1
refrain,7124,0,2297,1
shock,7124,0,2297,1
kmm,7124,0,2297,1
seraph,7124,0,2297,1
bayesum,7124,0,2297,1
divulge,7124,0,2297,1
despot,7124,0,2297,1
refitted,7124,0,2297,1
shortlist,7124,0,2297,1
shortsighted,7124,0,2297,1
kons,7124,0,2297,1
dodge,7124,0,2297,1
shotgun,7124,0,2297,1
regained,7124,0,2297,1
kld,7124,0,2297,1
shridharan,7124,0,2297,1
shrivastava,7124,0,2297,1
shrivastava_uai14,7124,0,2297,1
shrot,7124,0,2297,1
donoho,7124,0,2297,1
batchnorm,7124,0,2297,1
shareboost,7124,0,2297,1
battrae,7124,0,2297,1
kiperwasser,7124,0,2297,1
bbp,7124,0,2297,1
refned,7124,0,2297,1
multisbm,7124,0,2297,1
serendipitous,7124,0,2297,1
671,7124,0,2297,1
743,7124,0,2297,1
l2nns,7124,0,2297,1
386,7124,0,2297,1
servedio,7124,0,2297,1
gupta,7124,0,2297,1
gust,7124,0,2297,1
understate,7124,0,2297,1
net2net,7124,0,2297,1
guttman,7124,0,2297,1
markedness,7124,0,2297,1
nesterov2007gradient,7124,0,2297,1
destabilization,7124,0,2297,1
bellemare,7124,0,2297,1
executors,7124,0,2297,1
relatedly,7124,0,2297,1
nestedmarkov,7124,0,2297,1
gwbowv,7124,0,2297,1
nerve,7124,0,2297,1
frey,7124,0,2297,1
relatives,7124,0,2297,1
freund,7124,0,2297,1
glc,7124,0,2297,1
petrik,7124,0,2297,1
shervashidze,7124,0,2297,1
sharpness,7124,0,2297,1
dlog,7124,0,2297,1
sider,7124,0,2297,1
cardiaiality,7124,0,2297,1
reddy,7124,0,2297,1
recycling,7124,0,2297,1
maximizers,7124,0,2297,1
bash,7124,0,2297,1
keyframes,7124,0,2297,1
deques,7124,0,2297,1
depnn,7124,0,2297,1
sidestepping,7124,0,2297,1
sidestepped,7124,0,2297,1
signomial,7124,0,2297,1
ketoacidosis,7124,0,2297,1
bdnn,7124,0,2297,1
mbrl,7124,0,2297,1
kernelizable,7124,0,2297,1
sims,7124,0,2297,1
sind,7124,0,2297,1
rectification,7124,0,2297,1
kennington,7124,0,2297,1
singlish,7124,0,2297,1
keskar,7124,0,2297,1
kfc,7124,0,2297,1
kinetic,7124,0,2297,1
maxsimc,7124,0,2297,1
captioned,7124,0,2297,1
killed,7124,0,2297,1
reentrancy,7124,0,2297,1
sharpe,7124,0,2297,1
shattered,7124,0,2297,1
kickback,7124,0,2297,1
barzilay,7124,0,2297,1
dogfish,7124,0,2297,1
dogmatic,7124,0,2297,1
koco,7124,0,2297,1
doublesbm,7124,0,2297,1
doubler,7124,0,2297,1
dogmatism,7124,0,2297,1
canonicalizing,7124,0,2297,1
sigmoids,7124,0,2297,1
canonicity,7124,0,2297,1
sigma_k,7124,0,2297,1
materialise,7124,0,2297,1
bcm,7124,0,2297,1
registering,7124,0,2297,1
regenerate,7124,0,2297,1
regbayes,7124,0,2297,1
sigma_2,7124,0,2297,1
bcdes,7124,0,2297,1
sigma_,7124,0,2297,1
bcde,7124,0,2297,1
kiss,7124,0,2297,1
gaussianizing,7124,0,2297,1
sest,7124,0,2297,1
sgnmt,7124,0,2297,1
dlt,7124,0,2297,1
osub,7124,0,2297,1
ffc,7124,0,2297,1
wildfire,7124,0,2297,1
wiktionary,7124,0,2297,1
unguided,7124,0,2297,1
compara,7124,0,2297,1
dmfa,7124,0,2297,1
connotative,7124,0,2297,1
wields,7124,0,2297,1
marmann,7124,0,2297,1
exiting,7124,0,2297,1
gtml,7124,0,2297,1
unimprovable,7124,0,2297,1
universals,7124,0,2297,1
kurdyka,7124,0,2297,1
destabilizing,7124,0,2297,1
unitless,7124,0,2297,1
variaitonal,7124,0,2297,1
acadmm,7124,0,2297,1
2015b,7124,0,2297,1
lad,7124,0,2297,1
relearned,7124,0,2297,1
comparators,7124,0,2297,1
uninteresting,7124,0,2297,1
frommn,7124,0,2297,1
glmnet,7124,0,2297,1
noticed,7124,0,2297,1
sggp,7124,0,2297,1
1969,7124,0,2297,1
numerics,7124,0,2297,1
rehession,7124,0,2297,1
fic,7124,0,2297,1
sgl,7124,0,2297,1
accentuate,7124,0,2297,1
pathogen,7124,0,2297,1
unfortunatly,7124,0,2297,1
vassilvitskii,7124,0,2297,1
75f,7124,0,2297,1
acceptably,7124,0,2297,1
unfavorably,7124,0,2297,1
p_f,7124,0,2297,1
waned,7124,0,2297,1
exhausted,7124,0,2297,1
p_i,7124,0,2297,1
feudal,7124,0,2297,1
glms,7124,0,2297,1
unequally,7124,0,2297,1
mason,7124,0,2297,1
gently,7124,0,2297,1
consent,7124,0,2297,1
exgm,7124,0,2297,1
guards,7124,0,2297,1
guerra,7124,0,2297,1
gaussianizes,7124,0,2297,1
underactuated,7124,0,2297,1
h_r,7124,0,2297,1
covington,7124,0,2297,1
frequentist,7124,0,2297,1
extraneous,7124,0,2297,1
lacour,7124,0,2297,1
coordinator,7124,0,2297,1
lacoste,7124,0,2297,1
coordinations,7124,0,2297,1
believes,7124,0,2297,1
witten,7124,0,2297,1
h_s,7124,0,2297,1
714,7124,0,2297,1
nurtures,7124,0,2297,1
wittgenstein,7124,0,2297,1
kutta,7124,0,2297,1
fibers,7124,0,2297,1
extraordinarily,7124,0,2297,1
736,7124,0,2297,1
undergoes,7124,0,2297,1
wishing,7124,0,2297,1
crowdsourcer,7124,0,2297,1
gaussianface,7124,0,2297,1
undirectedmarkov,7124,0,2297,1
gaussianization,7124,0,2297,1
septic,7124,0,2297,1
confidentmatch,7124,0,2297,1
calable,7124,0,2297,1
1nns,7124,0,2297,1
sep,7124,0,2297,1
fatality,7124,0,2297,1
unimodularity,7124,0,2297,1
lagragian,7124,0,2297,1
benefitted,7124,0,2297,1
destroying,7124,0,2297,1
fs97,7124,0,2297,1
accumulations,7124,0,2297,1
destructive,7124,0,2297,1
marcu,7124,0,2297,1
undistinguished,7124,0,2297,1
winnows,7124,0,2297,1
h_0,7124,0,2297,1
lambda_1,7124,0,2297,1
1smatch,7124,0,2297,1
underfit,7124,0,2297,1
lancaster,7124,0,2297,1
underexplored,7124,0,2297,1
bento,7124,0,2297,1
ber,7124,0,2297,1
389,7124,0,2297,1
oscp,7124,0,2297,1
conservativeness,7124,0,2297,1
underdetermined,7124,0,2297,1
ancestries,7124,0,2297,1
gpc,7124,0,2297,1
factoriza,7124,0,2297,1
adaoam,7124,0,2297,1
gcgm,7124,0,2297,1
nasmc,7124,0,2297,1
typographically,7124,0,2297,1
evidencing,7124,0,2297,1
nondifferentiable,7124,0,2297,1
typi,7124,0,2297,1
gcn,7124,0,2297,1
optimums,7124,0,2297,1
optimiza,7124,0,2297,1
adapter,7124,0,2297,1
vinyals,7124,0,2297,1
12k,7124,0,2297,1
advertise,7124,0,2297,1
erdo,7124,0,2297,1
10b,7124,0,2297,1
parameterisations,7124,0,2297,1
concert,7124,0,2297,1
parameterisable,7124,0,2297,1
muticategorical,7124,0,2297,1
hermann,7124,0,2297,1
108k,7124,0,2297,1
hermitian,7124,0,2297,1
transfering,7124,0,2297,1
yuan,7124,0,2297,1
genderizing,7124,0,2297,1
escalante,7124,0,2297,1
524,7124,0,2297,1
adantage,7124,0,2297,1
erd14,7124,0,2297,1
weathergov,7124,0,2297,1
paroush,7124,0,2297,1
vggs,7124,0,2297,1
nat,7124,0,2297,1
normalising,7124,0,2297,1
tyler,7124,0,2297,1
concord,7124,0,2297,1
tpp,7124,0,2297,1
float,7124,0,2297,1
gic,7124,0,2297,1
coursework,7124,0,2297,1
hasselt,7124,0,2297,1
nonparametrics,7124,0,2297,1
columnwise,7124,0,2297,1
policymaking,7124,0,2297,1
parlai,7124,0,2297,1
typologies,7124,0,2297,1
cubically,7124,0,2297,1
fab,7124,0,2297,1
coursera,7124,0,2297,1
firmer,7124,0,2297,1
400k,7124,0,2297,1
has_cushion,7124,0,2297,1
parseval,7124,0,2297,1
620,7124,0,2297,1
has_tail,7124,0,2297,1
combcascade,7124,0,2297,1
optmized,7124,0,2297,1
politeness,7124,0,2297,1
constrainedness,7124,0,2297,1
heterarchies,7124,0,2297,1
countably,7124,0,2297,1
palm,7124,0,2297,1
escort,7124,0,2297,1
translatable,7124,0,2297,1
muse,7124,0,2297,1
transports,7124,0,2297,1
hhmm,7124,0,2297,1
genericness,7124,0,2297,1
pmwiki,7124,0,2297,1
coexisting,7124,0,2297,1
50k,7124,0,2297,1
esms,7124,0,2297,1
conclaves,7124,0,2297,1
omposite,7124,0,2297,1
464,7124,0,2297,1
afflicted,7124,0,2297,1
1001,7124,0,2297,1
codifies,7124,0,2297,1
esgd,7124,0,2297,1
omp,7124,0,2297,1
zebrafish,7124,0,2297,1
vlc,7124,0,2297,1
continuations,7124,0,2297,1
flats,7124,0,2297,1
pamdp,7124,0,2297,1
vivek,7124,0,2297,1
transg,7124,0,2297,1
treernn,7124,0,2297,1
muprop,7124,0,2297,1
adwords,7124,0,2297,1
onehashlsh_icml14,7124,0,2297,1
hgr,7124,0,2297,1
vladimir,7124,0,2297,1
eschew,7124,0,2297,1
genera,7124,0,2297,1
pluggable,7124,0,2297,1
concessive,7124,0,2297,1
parameterise,7124,0,2297,1
nonmanipulators,7124,0,2297,1
cuturi,7124,0,2297,1
herding,7124,0,2297,1
henderson,7124,0,2297,1
mwc,7124,0,2297,1
gerdaq,7124,0,2297,1
ojasiewicz,7124,0,2297,1
parallelizeable,7124,0,2297,1
nonterminals,7124,0,2297,1
folio,7124,0,2297,1
mvp,7124,0,2297,1
nonrandom,7124,0,2297,1
foley,7124,0,2297,1
vishwanathan,7124,0,2297,1
counseling,7124,0,2297,1
folding,7124,0,2297,1
cvae,7124,0,2297,1
parameterises,7124,0,2297,1
tribution,7124,0,2297,1
estimable,7124,0,2297,1
volatile,7124,0,2297,1
ger,7124,0,2297,1
foil,7124,0,2297,1
fofe,7124,0,2297,1
ucdp,7124,0,2297,1
nondecreasing,7124,0,2297,1
combinator,7124,0,2297,1
evading,7124,0,2297,1
zoneout,7124,0,2297,1
40k,7124,0,2297,1
nanson,7124,0,2297,1
twe,7124,0,2297,1
hkl,7124,0,2297,1
tweet2vec,7124,0,2297,1
fac,7124,0,2297,1
affirmatively,7124,0,2297,1
placements,7124,0,2297,1
foregrounds,7124,0,2297,1
xor_mmap,7124,0,2297,1
tunability,7124,0,2297,1
villavicencio,7124,0,2297,1
naf,7124,0,2297,1
xnv,7124,0,2297,1
vocab,7124,0,2297,1
tuhoi,7124,0,2297,1
conclusively,7124,0,2297,1
vime,7124,0,2297,1
flr,7124,0,2297,1
olcskei,7124,0,2297,1
gfodd,7124,0,2297,1
fluctuate,7124,0,2297,1
tude,7124,0,2297,1
adjudicated,7124,0,2297,1
131,7124,0,2297,1
nonextensive,7124,0,2297,1
410,7124,0,2297,1
157,7124,0,2297,1
parillo,7124,0,2297,1
cufft,7124,0,2297,1
x_d,7124,0,2297,1
colonization,7124,0,2297,1
nonzeros,7124,0,2297,1
pixelgan,7124,0,2297,1
cvp,7124,0,2297,1
courant,7124,0,2297,1
pixelvae,7124,0,2297,1
agendas,7124,0,2297,1
contraire,7124,0,2297,1
xbf,7124,0,2297,1
adem,7124,0,2297,1
adeptly,7124,0,2297,1
costregular,7124,0,2297,1
forgiving,7124,0,2297,1
tvcs,7124,0,2297,1
convexifications,7124,0,2297,1
164,7124,0,2297,1
codalab,7124,0,2297,1
wu,7124,0,2297,1
piranhas,7124,0,2297,1
x10,7124,0,2297,1
nonequilibrium,7124,0,2297,1
zooms,7124,0,2297,1
600k,7124,0,2297,1
x5,7124,0,2297,1
forking,7124,0,2297,1
tweetime,7124,0,2297,1
occasional,7124,0,2297,1
ghaoui,7124,0,2297,1
openmt12,7124,0,2297,1
cooccur,7124,0,2297,1
orc,7124,0,2297,1
olmar,7124,0,2297,1
ctd,7124,0,2297,1
ubuntuworld,7124,0,2297,1
pie,7124,0,2297,1
pifc,7124,0,2297,1
adaapt,7124,0,2297,1
adaaptive,7124,0,2297,1
hmtl,7124,0,2297,1
combifd,7124,0,2297,1
opvi,7124,0,2297,1
optnet,7124,0,2297,1
cw,7124,0,2297,1
partiallysupervised,7124,0,2297,1
ex2,7124,0,2297,1
finitary,7124,0,2297,1
orbits,7124,0,2297,1
64x64,7124,0,2297,1
udgs,7124,0,2297,1
udg,7124,0,2297,1
udeplambda,7124,0,2297,1
190,7124,0,2297,1
naturalized,7124,0,2297,1
harmonious,7124,0,2297,1
naturalize,7124,0,2297,1
verifiability,7124,0,2297,1
constellations,7124,0,2297,1
harmonizations,7124,0,2297,1
harmonized,7124,0,2297,1
180k,7124,0,2297,1
evolutional,7124,0,2297,1
632,7124,0,2297,1
optoelectronic,7124,0,2297,1
adf,7124,0,2297,1
nonexistence,7124,0,2297,1
ochiai,7124,0,2297,1
hcpf,7124,0,2297,1
hct,7124,0,2297,1
traffickers,7124,0,2297,1
ggi,7124,0,2297,1
olderian,7124,0,2297,1
nonexpansiveness,7124,0,2297,1
5a,7124,0,2297,1
planarity,7124,0,2297,1
vila,7124,0,2297,1
tuneout,7124,0,2297,1
gfodds,7124,0,2297,1
odes,7124,0,2297,1
033,7124,0,2297,1
plagues,7124,0,2297,1
nonexhaustively,7124,0,2297,1
vt,7124,0,2297,1
gds,7124,0,2297,1
ucbs,7124,0,2297,1
637,7124,0,2297,1
nationwide,7124,0,2297,1
flixster,7124,0,2297,1
gigabyte,7124,0,2297,1
harry,7124,0,2297,1
convolving,7124,0,2297,1
treen,7124,0,2297,1
vl,7124,0,2297,1
treelstm,7124,0,2297,1
gsvt,7124,0,2297,1
abstain,7124,0,2297,1
wiatowski,7124,0,2297,1
glue,7124,0,2297,1
abstention,7124,0,2297,1
gs_,7124,0,2297,1
gsn,7124,0,2297,1
notionally,7124,0,2297,1
unlearnable,7124,0,2297,1
connectomic,7124,0,2297,1
20news,7124,0,2297,1
cpm,7124,0,2297,1
abugida,7124,0,2297,1
exogenously,7124,0,2297,1
fer,7124,0,2297,1
nnm,7124,0,2297,1
207,7124,0,2297,1
cplst,7124,0,2297,1
wholesale,7124,0,2297,1
permutohedral,7124,0,2297,1
pauc,7124,0,2297,1
performers,7124,0,2297,1
nnjm,7124,0,2297,1
gman,7124,0,2297,1
unpruned,7124,0,2297,1
warps,7124,0,2297,1
outpacing,7124,0,2297,1
warpings,7124,0,2297,1
outlooks,7124,0,2297,1
neuropathy,7124,0,2297,1
politifact,7124,0,2297,1
nuisance,7124,0,2297,1
valpola,7124,0,2297,1
nsynth,7124,0,2297,1
crg,7124,0,2297,1
gapbased,7124,0,2297,1
v2v3,7124,0,2297,1
a_s,7124,0,2297,1
graphon,7124,0,2297,1
graphquestions,7124,0,2297,1
npe,7124,0,2297,1
pbmt,7124,0,2297,1
overdetermined,7124,0,2297,1
overconfidence,7124,0,2297,1
pends,7124,0,2297,1
gmmn,7124,0,2297,1
cq,7124,0,2297,1
aan,7124,0,2297,1
creole,7124,0,2297,1
npdp,7124,0,2297,1
unsquared,7124,0,2297,1
pbe,7124,0,2297,1
253233,7124,0,2297,1
furry,7124,0,2297,1
unsociable,7124,0,2297,1
251,7124,0,2297,1
unskillful,7124,0,2297,1
aae,7124,0,2297,1
v1v3,7124,0,2297,1
extant,7124,0,2297,1
warped,7124,0,2297,1
coral,7124,0,2297,1
unreduced,7124,0,2297,1
overstate,7124,0,2297,1
nitzan,7124,0,2297,1
950,7124,0,2297,1
2c,7124,0,2297,1
2afc,7124,0,2297,1
gplvm,7124,0,2297,1
overshadowing,7124,0,2297,1
310,7124,0,2297,1
nltk,7124,0,2297,1
exponents,7124,0,2297,1
exponentiating,7124,0,2297,1
fbs,7124,0,2297,1
nplms,7124,0,2297,1
wdd,7124,0,2297,1
craftmaps,7124,0,2297,1
nnms,7124,0,2297,1
gam,7124,0,2297,1
useof,7124,0,2297,1
npn,7124,0,2297,1
863,7124,0,2297,1
urnns,7124,0,2297,1
30x,7124,0,2297,1
gorin,7124,0,2297,1
npis,7124,0,2297,1
fce,7124,0,2297,1
crashing,7124,0,2297,1
pcr,7124,0,2297,1
usingabstract,7124,0,2297,1
2sat,7124,0,2297,1
gaifman,7124,0,2297,1
gail,7124,0,2297,1
nivre,7124,0,2297,1
crd,7124,0,2297,1
expansivity,7124,0,2297,1
abruptly,7124,0,2297,1
ftl,7124,0,2297,1
whitespace,7124,0,2297,1
permiting,7124,0,2297,1
unplanned,7124,0,2297,1
212,7124,0,2297,1
unparsed,7124,0,2297,1
permuted,7124,0,2297,1
expectancy,7124,0,2297,1
ousting,7124,0,2297,1
nspi,7124,0,2297,1
crelu,7124,0,2297,1
crae,7124,0,2297,1
gpp,7124,0,2297,1
2mn,7124,0,2297,1
compositive,7124,0,2297,1
compositor,7124,0,2297,1
nrk,7124,0,2297,1
gprf,7124,0,2297,1
pddm,7124,0,2297,1
fct,7124,0,2297,1
upright,7124,0,2297,1
938,7124,0,2297,1
nrmm,7124,0,2297,1
nrms,7124,0,2297,1
compositors,7124,0,2297,1
unsettled,7124,0,2297,1
gmntm,7124,0,2297,1
offord,7124,0,2297,1
parametrizing,7124,0,2297,1
mzk,7124,0,2297,1
heatwave,7124,0,2297,1
eunn,7124,0,2297,1
curacies,7124,0,2297,1
adm,7124,0,2297,1
affirming,7124,0,2297,1
ttq,7124,0,2297,1
agd,7124,0,2297,1
firmware,7124,0,2297,1
erratic,7124,0,2297,1
gev,7124,0,2297,1
zhidao,7124,0,2297,1
vrnn,7124,0,2297,1
forbidding,7124,0,2297,1
omits,7124,0,2297,1
truvar,7124,0,2297,1
062,7124,0,2297,1
nonuniformity,7124,0,2297,1
ttest,7124,0,2297,1
trainability,7124,0,2297,1
headquartered,7124,0,2297,1
n_j,7124,0,2297,1
headword,7124,0,2297,1
papal,7124,0,2297,1
euphony,7124,0,2297,1
489,7124,0,2297,1
violators,7124,0,2297,1
heavier,7124,0,2297,1
n_1,7124,0,2297,1
afterward,7124,0,2297,1
hearst,7124,0,2297,1
tsbn,7124,0,2297,1
aesi,7124,0,2297,1
ofuls,7124,0,2297,1
hind,7124,0,2297,1
fo2,7124,0,2297,1
treaming,7124,0,2297,1
counteracts,7124,0,2297,1
transitioning,7124,0,2297,1
vll,7124,0,2297,1
hfa,7124,0,2297,1
parallelly,7124,0,2297,1
442,7124,0,2297,1
convae,7124,0,2297,1
cvb0,7124,0,2297,1
coincidentally,7124,0,2297,1
eum,7124,0,2297,1
colleague,7124,0,2297,1
geolocating,7124,0,2297,1
ag,7124,0,2297,1
1246,7124,0,2297,1
fluctuates,7124,0,2297,1
platt,7124,0,2297,1
gebelein,7124,0,2297,1
virile,7124,0,2297,1
counterfeited,7124,0,2297,1
n_2,7124,0,2297,1
tsbns,7124,0,2297,1
poking,7124,0,2297,1
admixture,7124,0,2297,1
yannakakis,7124,0,2297,1
newfound,7124,0,2297,1
wat,7124,0,2297,1
papadimitriou,7124,0,2297,1
pleasing,7124,0,2297,1
adqn,7124,0,2297,1
trouillon,7124,0,2297,1
trough,7124,0,2297,1
troubling,7124,0,2297,1
eth,7124,0,2297,1
troubleshoot,7124,0,2297,1
nonoblivious,7124,0,2297,1
veridicality,7124,0,2297,1
880,7124,0,2297,1
650k,7124,0,2297,1
npbe,7124,0,2297,1
2500x,7124,0,2297,1
117,7124,0,2297,1
corollary,7124,0,2297,1
wastes,7124,0,2297,1
penultimate,7124,0,2297,1
unscaled,7124,0,2297,1
outweigh,7124,0,2297,1
funs,7124,0,2297,1
conjunct,7124,0,2297,1
garbled,7124,0,2297,1
wgs03,7124,0,2297,1
feels,7124,0,2297,1
23k,7124,0,2297,1
corners,7124,0,2297,1
nteractions,7124,0,2297,1
564,7124,0,2297,1
plcca,7124,0,2297,1
124,7124,0,2297,1
yaleb,7124,0,2297,1
triviaqa,7124,0,2297,1
parametrically,7124,0,2297,1
ples,7124,0,2297,1
nontransparency,7124,0,2297,1
pajamas,7124,0,2297,1
germanet,7124,0,2297,1
fitnets,7124,0,2297,1
trivia,7124,0,2297,1
nonincreasing,7124,0,2297,1
ybf,7124,0,2297,1
hemimetric,7124,0,2297,1
hemimetrics,7124,0,2297,1
hirschfeld,7124,0,2297,1
pokes,7124,0,2297,1
parallelizability,7124,0,2297,1
genia,7124,0,2297,1
11k,7124,0,2297,1
trot,7124,0,2297,1
mxm,7124,0,2297,1
oord,7124,0,2297,1
y_,7124,0,2297,1
y_l,7124,0,2297,1
ooms,7124,0,2297,1
oom,7124,0,2297,1
truncations,7124,0,2297,1
569,7124,0,2297,1
truelabel,7124,0,2297,1
son,7124,0,2297,1
ix,7124,0,2297,1
megiddo,7124,0,2297,1
mphil,7124,0,2297,1
mpnns,7124,0,2297,1
texting,7124,0,2297,1
altsvm,7124,0,2297,1
movieqa,7124,0,2297,1
predicable,7124,0,2297,1
movietriples,7124,0,2297,1
mp,7124,0,2297,1
ibhc,7124,0,2297,1
mpes,7124,0,2297,1
mpf,7124,0,2297,1
preconditioning,7124,0,2297,1
preconditioners,7124,0,2297,1
darts,7124,0,2297,1
mpi,7124,0,2297,1
dare,7124,0,2297,1
precluded,7124,0,2297,1
enmity,7124,0,2297,1
aluma,7124,0,2297,1
mpm,7124,0,2297,1
hypernymsrandom,7124,0,2297,1
thatcombucb,7124,0,2297,1
daquar,7124,0,2297,1
theta_,7124,0,2297,1
thibodeau,7124,0,2297,1
alliances,7124,0,2297,1
povey,7124,0,2297,1
entitynlm,7124,0,2297,1
thomson,7124,0,2297,1
preassigned,7124,0,2297,1
hyperpriors,7124,0,2297,1
thoughtful,7124,0,2297,1
multiplicatively,7124,0,2297,1
popped,7124,0,2297,1
cytometry,7124,0,2297,1
cne,7124,0,2297,1
popcount,7124,0,2297,1
epopt,7124,0,2297,1
hondt,7124,0,2297,1
multinet,7124,0,2297,1
tolerent,7124,0,2297,1
polymom,7124,0,2297,1
homologous,7124,0,2297,1
equalling,7124,0,2297,1
homework,7124,0,2297,1
multiplexed,7124,0,2297,1
cholesky,7124,0,2297,1
tgmcmc,7124,0,2297,1
huber,7124,0,2297,1
thurstonian,7124,0,2297,1
darla,7124,0,2297,1
altitude,7124,0,2297,1
textsf,7124,0,2297,1
enquirers,7124,0,2297,1
hypervec,7124,0,2297,1
clicked,7124,0,2297,1
enqurier,7124,0,2297,1
tflm,7124,0,2297,1
tflms,7124,0,2297,1
praised,7124,0,2297,1
mqa,7124,0,2297,1
entnet,7124,0,2297,1
potter,7124,0,2297,1
epireader,7124,0,2297,1
econometrically,7124,0,2297,1
quantifiably,7124,0,2297,1
intracranial,7124,0,2297,1
definining,7124,0,2297,1
stereotypes,7124,0,2297,1
steganographic,7124,0,2297,1
steve,7124,0,2297,1
intializes,7124,0,2297,1
stiefel,7124,0,2297,1
quadrant,7124,0,2297,1
interwoven,7124,0,2297,1
certifiable,7124,0,2297,1
interventional,7124,0,2297,1
quadrupedal,7124,0,2297,1
invertedpendulum,7124,0,2297,1
stegosystem,7124,0,2297,1
async,7124,0,2297,1
asymptotics,7124,0,2297,1
queen,7124,0,2297,1
standout,7124,0,2297,1
inverses,7124,0,2297,1
mht,7124,0,2297,1
stateful,7124,0,2297,1
stateless,7124,0,2297,1
asvrg,7124,0,2297,1
stateof,7124,0,2297,1
asts,7124,0,2297,1
deflation,7124,0,2297,1
statlog,7124,0,2297,1
intricacies,7124,0,2297,1
assurances,7124,0,2297,1
hume,7124,0,2297,1
dann,7124,0,2297,1
dailystrength,7124,0,2297,1
potent,7124,0,2297,1
mtfl,7124,0,2297,1
postmasters,7124,0,2297,1
postmaster,7124,0,2297,1
throws,7124,0,2297,1
hutchinson,7124,0,2297,1
entrywise,7124,0,2297,1
theses,7124,0,2297,1
clockwork,7124,0,2297,1
hypernetwork,7124,0,2297,1
hyperneat,7124,0,2297,1
dantzig,7124,0,2297,1
mrbrains13,7124,0,2297,1
sva,7124,0,2297,1
hyperalignment,7124,0,2297,1
hymn,7124,0,2297,1
ppes,7124,0,2297,1
mrm,7124,0,2297,1
mrs,7124,0,2297,1
alluring,7124,0,2297,1
hybridconfusion,7124,0,2297,1
msd,7124,0,2297,1
cln,7124,0,2297,1
allowable,7124,0,2297,1
enthusiasts,7124,0,2297,1
coattention,7124,0,2297,1
svbssgp,7124,0,2297,1
tls,7124,0,2297,1
tlfre,7124,0,2297,1
asthmaticus,7124,0,2297,1
emr,7124,0,2297,1
ddfa,7124,0,2297,1
ddcrp,7124,0,2297,1
taggings,7124,0,2297,1
circuity,7124,0,2297,1
tai,7124,0,2297,1
imm,7124,0,2297,1
imization,7124,0,2297,1
monge,7124,0,2297,1
probabilisic,7124,0,2297,1
taiwanese,7124,0,2297,1
taja,7124,0,2297,1
taja2seq2seq,7124,0,2297,1
proba,7124,0,2297,1
emrs,7124,0,2297,1
tac2009,7124,0,2297,1
tac2008,7124,0,2297,1
mover,7124,0,2297,1
prod,7124,0,2297,1
imports,7124,0,2297,1
syrgkanis,7124,0,2297,1
modulating,7124,0,2297,1
cians,7124,0,2297,1
systematical,7124,0,2297,1
ansgd,7124,0,2297,1
deactivation,7124,0,2297,1
cident,7124,0,2297,1
implicated,7124,0,2297,1
proffer,7124,0,2297,1
tac2014,7124,0,2297,1
programatically,7124,0,2297,1
professions,7124,0,2297,1
svp,7124,0,2297,1
moderated,7124,0,2297,1
prong,7124,0,2297,1
proliferate,7124,0,2297,1
symmety,7124,0,2297,1
projectors,7124,0,2297,1
projector,7124,0,2297,1
syndromes,7124,0,2297,1
proje,7124,0,2297,1
chunkings,7124,0,2297,1
anticipatory,7124,0,2297,1
pronged,7124,0,2297,1
swimmer,7124,0,2297,1
apgnc,7124,0,2297,1
proponents,7124,0,2297,1
antagonist,7124,0,2297,1
swapout,7124,0,2297,1
embeddedhunter,7124,0,2297,1
chorale,7124,0,2297,1
mnr,7124,0,2297,1
aosologitboost,7124,0,2297,1
aoso,7124,0,2297,1
sweet,7124,0,2297,1
choreograph,7124,0,2297,1
propagations,7124,0,2297,1
incentivises,7124,0,2297,1
debugged,7124,0,2297,1
modestly,7124,0,2297,1
syntacto,7124,0,2297,1
professor,7124,0,2297,1
cinderella,7124,0,2297,1
holp,7124,0,2297,1
agrawal,7124,0,2297,1
tiling,7124,0,2297,1
tilted,7124,0,2297,1
alg,7124,0,2297,1
timber,7124,0,2297,1
hsic,7124,0,2297,1
multicategory,7124,0,2297,1
hscrf,7124,0,2297,1
hsat,7124,0,2297,1
epilepsy,7124,0,2297,1
hospitalized,7124,0,2297,1
cmmd,7124,0,2297,1
tle,7124,0,2297,1
polyglot,7124,0,2297,1
toroidal,7124,0,2297,1
tightens,7124,0,2297,1
torques,7124,0,2297,1
holiday,7124,0,2297,1
polluted,7124,0,2297,1
aggrevated,7124,0,2297,1
multirate,7124,0,2297,1
multiresolution,7124,0,2297,1
hofms,7124,0,2297,1
equivariance,7124,0,2297,1
cx,7124,0,2297,1
hoff,7124,0,2297,1
toppush,7124,0,2297,1
tibp,7124,0,2297,1
equilibration,7124,0,2297,1
posited,7124,0,2297,1
htdn,7124,0,2297,1
molecularspace,7124,0,2297,1
cmabrigde,7124,0,2297,1
profession,7124,0,2297,1
mollified,7124,0,2297,1
mollifiers,7124,0,2297,1
impeding,7124,0,2297,1
dasnets,7124,0,2297,1
dasnet,7124,0,2297,1
cleans,7124,0,2297,1
portolio,7124,0,2297,1
portmanteaus,7124,0,2297,1
hra,7124,0,2297,1
portmanteau,7124,0,2297,1
d_e,7124,0,2297,1
cmab,7124,0,2297,1
portraits,7124,0,2297,1
postcondition,7124,0,2297,1
ting,7124,0,2297,1
hpf,7124,0,2297,1
cmcl,7124,0,2297,1
tired,7124,0,2297,1
titled,7124,0,2297,1
popularized,7124,0,2297,1
hotelling,7124,0,2297,1
hosvd,7124,0,2297,1
cmaes,7124,0,2297,1
d_j,7124,0,2297,1
posedness,7124,0,2297,1
tick,7124,0,2297,1
posters,7124,0,2297,1
deflating,7124,0,2297,1
intervening,7124,0,2297,1
antol,7124,0,2297,1
superpivot,7124,0,2297,1
eluder,7124,0,2297,1
propriate,7124,0,2297,1
sutskever,7124,0,2297,1
suttonmw15,7124,0,2297,1
propositionalized,7124,0,2297,1
emac,7124,0,2297,1
suprisingly,7124,0,2297,1
informatively,7124,0,2297,1
prospects,7124,0,2297,1
indifference,7124,0,2297,1
decipherment,7124,0,2297,1
superparallel,7124,0,2297,1
ineligancies,7124,0,2297,1
industrially,7124,0,2297,1
incremented,7124,0,2297,1
elisseeff,7124,0,2297,1
prototypicality,7124,0,2297,1
supertagger,7124,0,2297,1
appproximately,7124,0,2297,1
appositeness,7124,0,2297,1
ell_p,7124,0,2297,1
indisputably,7124,0,2297,1
ellipsoids,7124,0,2297,1
suprema,7124,0,2297,1
chimera,7124,0,2297,1
mmdgms,7124,0,2297,1
propositionalization,7124,0,2297,1
pstd,7124,0,2297,1
suspiciousness,7124,0,2297,1
suspense,7124,0,2297,1
arthur,7124,0,2297,1
pseudomarginals,7124,0,2297,1
infamously,7124,0,2297,1
sumarrizes,7124,0,2297,1
checkable,7124,0,2297,1
inflate,7124,0,2297,1
subtracted,7124,0,2297,1
decompile,7124,0,2297,1
misra,7124,0,2297,1
succession,7124,0,2297,1
archetypal,7124,0,2297,1
sudoku,7124,0,2297,1
infobot,7124,0,2297,1
arborescent,7124,0,2297,1
pseudopolynomial,7124,0,2297,1
arbiters,7124,0,2297,1
choe,7124,0,2297,1
psdp,7124,0,2297,1
cheaply,7124,0,2297,1
decisively,7124,0,2297,1
mjp,7124,0,2297,1
approximants,7124,0,2297,1
mjps,7124,0,2297,1
chintala,7124,0,2297,1
surged,7124,0,2297,1
decentralization,7124,0,2297,1
surprises,7124,0,2297,1
appl,7124,0,2297,1
chit,7124,0,2297,1
suspect,7124,0,2297,1
mislocalizations,7124,0,2297,1
purine,7124,0,2297,1
proxsgd,7124,0,2297,1
arias,7124,0,2297,1
miser,7124,0,2297,1
charagram,7124,0,2297,1
subsentential,7124,0,2297,1
charges,7124,0,2297,1
psychotherapy,7124,0,2297,1
elbo,7124,0,2297,1
psycholinguistically,7124,0,2297,1
substring,7124,0,2297,1
mislabeled,7124,0,2297,1
ingest,7124,0,2297,1
misled,7124,0,2297,1
ard,7124,0,2297,1
inftucker,7124,0,2297,1
ink,7124,0,2297,1
eigenspaces,7124,0,2297,1
eigenstructures,7124,0,2297,1
mirroring,7124,0,2297,1
subordinate,7124,0,2297,1
subordinations,7124,0,2297,1
arning,7124,0,2297,1
misallocated,7124,0,2297,1
armp,7124,0,2297,1
subpatterns,7124,0,2297,1
subpolicies,7124,0,2297,1
subpolicy,7124,0,2297,1
subreddits,7124,0,2297,1
ekf,7124,0,2297,1
subroutines,7124,0,2297,1
submm,7124,0,2297,1
eigenspace,7124,0,2297,1
chapelle,7124,0,2297,1
effecxtive,7124,0,2297,1
eif,7124,0,2297,1
eifs,7124,0,2297,1
eig,7124,0,2297,1
channeled,7124,0,2297,1
subfunction,7124,0,2297,1
subjectification,7124,0,2297,1
puppeteer,7124,0,2297,1
sublevel,7124,0,2297,1
eigengap,7124,0,2297,1
arranging,7124,0,2297,1
purposeful,7124,0,2297,1
deepbach,7124,0,2297,1
deepboost,7124,0,2297,1
q8,7124,0,2297,1
eigenpurposes,7124,0,2297,1
ascendance,7124,0,2297,1
stylised,7124,0,2297,1
as15,7124,0,2297,1
deeplda,7124,0,2297,1
chamberlin,7124,0,2297,1
champion,7124,0,2297,1
integrator,7124,0,2297,1
integrands,7124,0,2297,1
integrand,7124,0,2297,1
integrally,7124,0,2297,1
championships,7124,0,2297,1
insurgent,7124,0,2297,1
purposing,7124,0,2297,1
proxscd,7124,0,2297,1
superficially,7124,0,2297,1
centipede,7124,0,2297,1
spontaneousness,7124,0,2297,1
edmonds,7124,0,2297,1
mgnc,7124,0,2297,1
asysvrg,7124,0,2297,1
asz,7124,0,2297,1
attributions,7124,0,2297,1
metalearning,7124,0,2297,1
isic2016,7124,0,2297,1
cdfa,7124,0,2297,1
cdfs,7124,0,2297,1
spmtl,7124,0,2297,1
splir,7124,0,2297,1
ragged,7124,0,2297,1
isbi12,7124,0,2297,1
sporting,7124,0,2297,1
storvik,7124,0,2297,1
sportsware,7124,0,2297,1
attested,7124,0,2297,1
radford,7124,0,2297,1
radagrad,7124,0,2297,1
metanet,7124,0,2297,1
attuned,7124,0,2297,1
atypicalities,7124,0,2297,1
dynamicly,7124,0,2297,1
augmentative,7124,0,2297,1
randomizations,7124,0,2297,1
ccg2lambda,7124,0,2297,1
spens,7124,0,2297,1
isotropic,7124,0,2297,1
qrn,7124,0,2297,1
qrnns,7124,0,2297,1
ccnns,7124,0,2297,1
cgms,7124,0,2297,1
stir,7124,0,2297,1
certificates,7124,0,2297,1
qmc,7124,0,2297,1
cfo,7124,0,2297,1
qcsps,7124,0,2297,1
mimlfast,7124,0,2297,1
min_,7124,0,2297,1
eff,7124,0,2297,1
qnetworks,7124,0,2297,1
striving,7124,0,2297,1
interdependences,7124,0,2297,1
cgm,7124,0,2297,1
cgmmn,7124,0,2297,1
cgrl,7124,0,2297,1
migration,7124,0,2297,1
mindedly,7124,0,2297,1
cghash,7124,0,2297,1
assays,7124,0,2297,1
strained,7124,0,2297,1
stitching,7124,0,2297,1
stitchingly,7124,0,2297,1
stls,7124,0,2297,1
stm,7124,0,2297,1
certifiers,7124,0,2297,1
certigrad,7124,0,2297,1
stodden,7124,0,2297,1
interrogator,7124,0,2297,1
interrogation,7124,0,2297,1
ralp,7124,0,2297,1
rakhshasri12arxiv,7124,0,2297,1
proxsvrcd,7124,0,2297,1
ipr,7124,0,2297,1
squint,7124,0,2297,1
attainment,7124,0,2297,1
srebro,7124,0,2297,1
srinivas,7124,0,2297,1
srnns,7124,0,2297,1
sru,7124,0,2297,1
srus,7124,0,2297,1
ss,7124,0,2297,1
ssac,7124,0,2297,1
iqa,7124,0,2297,1
metz,7124,0,2297,1
ips,7124,0,2297,1
ssid,7124,0,2297,1
eatures,7124,0,2297,1
irreducibility,7124,0,2297,1
ch04,7124,0,2297,1
deepsim,7124,0,2297,1
summability,7124,0,2297,1
apts,7124,0,2297,1
summarunner,7124,0,2297,1
proxsvrg,7124,0,2297,1
elf,7124,0,2297,1
elh,7124,0,2297,1
sumi,7124,0,2297,1
sup_,7124,0,2297,1
superbowl,7124,0,2297,1
elicitability,7124,0,2297,1
cheeger,7124,0,2297,1
r3nn,7124,0,2297,1
irreducible,7124,0,2297,1
rakhlin,7124,0,2297,1
ioc,7124,0,2297,1
spinn,7124,0,2297,1
spins,7124,0,2297,1
rajkumar,7124,0,2297,1
deltableu,7124,0,2297,1
spitkovsky,7124,0,2297,1
isodistortion,7124,0,2297,1
attentivechrome,7124,0,2297,1
irrepresentable,7124,0,2297,1
spsd,7124,0,2297,1
ssrbm,7124,0,2297,1
ipcc,7124,0,2297,1
ssvm,7124,0,2297,1
stabilizations,7124,0,2297,1
atleast,7124,0,2297,1
delaunay,7124,0,2297,1
stackexchange,7124,0,2297,1
iob,7124,0,2297,1
mfas,7124,0,2297,1
ecb,7124,0,2297,1
invites,7124,0,2297,1
atemporal,7124,0,2297,1
stair,7124,0,2297,1
atd,7124,0,2297,1
stale,7124,0,2297,1
staleness,7124,0,2297,1
ipm,7124,0,2297,1
ch,7124,0,2297,1
ipms,7124,0,2297,1
antisymmetric,7124,0,2297,1
swvp,7124,0,2297,1
medlda,7124,0,2297,1
liftable,7124,0,2297,1
bolasso,7124,0,2297,1
boil,7124,0,2297,1
bogd,7124,0,2297,1
reversion,7124,0,2297,1
rustling,7124,0,2297,1
lucky,7124,0,2297,1
disconnected,7124,0,2297,1
lillicrap,7124,0,2297,1
lipschitzness,7124,0,2297,1
sadaoam,7124,0,2297,1
diagonalized,7124,0,2297,1
resurgent,7124,0,2297,1
blockmodels,7124,0,2297,1
blockgroup,7124,0,2297,1
dic,7124,0,2297,1
discriminations,7124,0,2297,1
sanity,7124,0,2297,1
blogger,7124,0,2297,1
bloc,7124,0,2297,1
restores,7124,0,2297,1
diag,7124,0,2297,1
sarah,7124,0,2297,1
lidm,7124,0,2297,1
bucila,7124,0,2297,1
sastry,7124,0,2297,1
sasvi,7124,0,2297,1
lighthouse,7124,0,2297,1
salvati,7124,0,2297,1
runge,7124,0,2297,1
dica,7124,0,2297,1
likeliness,7124,0,2297,1
s2fo2,7124,0,2297,1
recalculating,7124,0,2297,1
jumbled,7124,0,2297,1
julien,7124,0,2297,1
drln,7124,0,2297,1
drn,7124,0,2297,1
lantm,7124,0,2297,1
senate,7124,0,2297,1
s2gd,7124,0,2297,1
s2ru,7124,0,2297,1
s2s,7124,0,2297,1
s3c,7124,0,2297,1
linearizations,7124,0,2297,1
s4,7124,0,2297,1
discourages,7124,0,2297,1
bolt,7124,0,2297,1
lincombinatorial2014,7124,0,2297,1
bmm,7124,0,2297,1
retrievalqa,7124,0,2297,1
brush,7124,0,2297,1
saccade,7124,0,2297,1
limo,7124,0,2297,1
limits_,7124,0,2297,1
lincontextual,7124,0,2297,1
lukasiewicz,7124,0,2297,1
linger,7124,0,2297,1
reweighing,7124,0,2297,1
lu,7124,0,2297,1
dicaprio,7124,0,2297,1
salute,7124,0,2297,1
safetynets,7124,0,2297,1
slores,7124,0,2297,1
branchings,7124,0,2297,1
lowems,7124,0,2297,1
rivaling,7124,0,2297,1
rivalling,7124,0,2297,1
digest,7124,0,2297,1
lossof,7124,0,2297,1
rmf,7124,0,2297,1
rmhmc,7124,0,2297,1
rlsr,7124,0,2297,1
rnade,7124,0,2297,1
lov,7124,0,2297,1
rnnsearch,7124,0,2297,1
rns,7124,0,2297,1
diffractive,7124,0,2297,1
bouncing,7124,0,2297,1
lq,7124,0,2297,1
lrelus,7124,0,2297,1
rosenholtz,7124,0,2297,1
loco,7124,0,2297,1
rfns,7124,0,2297,1
rfn,7124,0,2297,1
rffs,7124,0,2297,1
rff,7124,0,2297,1
littlewood,7124,0,2297,1
lte,7124,0,2297,1
disambiguator,7124,0,2297,1
brm,7124,0,2297,1
ltht,7124,0,2297,1
ltlm,7124,0,2297,1
bousquet,7124,0,2297,1
romero,7124,0,2297,1
sagae,7124,0,2297,1
discards,7124,0,2297,1
lvc,7124,0,2297,1
likable,7124,0,2297,1
lvggm,7124,0,2297,1
bsds500,7124,0,2297,1
lightrnn,7124,0,2297,1
blossoms,7124,0,2297,1
saiapr,7124,0,2297,1
lightning,7124,0,2297,1
lvl,7124,0,2297,1
lighthouses,7124,0,2297,1
sals15,7124,0,2297,1
salsa,7124,0,2297,1
retiring,7124,0,2297,1
reweighting,7124,0,2297,1
diminished,7124,0,2297,1
ruled,7124,0,2297,1
logtiboost,7124,0,2297,1
lpb,7124,0,2297,1
boy,7124,0,2297,1
dimakis,7124,0,2297,1
rocket,7124,0,2297,1
rockit,7124,0,2297,1
loglikelihood,7124,0,2297,1
lojasiewicz,7124,0,2297,1
differentials,7124,0,2297,1
dimer,7124,0,2297,1
lppbe,7124,0,2297,1
logarithms,7124,0,2297,1
densifier,7124,0,2297,1
mec,7124,0,2297,1
rubin,7124,0,2297,1
spades,7124,0,2297,1
specifiers,7124,0,2297,1
rankgan,7124,0,2297,1
mergerank,7124,0,2297,1
aural,7124,0,2297,1
rappor,7124,0,2297,1
itransf,7124,0,2297,1
sparsemax,7124,0,2297,1
cb513,7124,0,2297,1
soslasso,7124,0,2297,1
jamo,7124,0,2297,1
jalali,7124,0,2297,1
memnns,7124,0,2297,1
memorisation,7124,0,2297,1
dude,7124,0,2297,1
merchant,7124,0,2297,1
cautions,7124,0,2297,1
autoimmune,7124,0,2297,1
demonstrably,7124,0,2297,1
autoextend,7124,0,2297,1
arimoto,7124,0,2297,1
cautiously,7124,0,2297,1
rays,7124,0,2297,1
cavity,7124,0,2297,1
rca,7124,0,2297,1
sngs,7124,0,2297,1
axelrod,7124,0,2297,1
kbp2015,7124,0,2297,1
dracula,7124,0,2297,1
istributed,7124,0,2297,1
demixing,7124,0,2297,1
drae,7124,0,2297,1
jiweil,7124,0,2297,1
denn,7124,0,2297,1
dsat,7124,0,2297,1
johansson,7124,0,2297,1
sntv,7124,0,2297,1
dscnn,7124,0,2297,1
dsebms,7124,0,2297,1
johann,7124,0,2297,1
sobolev,7124,0,2297,1
joe2,7124,0,2297,1
socher,7124,0,2297,1
joachims,7124,0,2297,1
catastrophically,7124,0,2297,1
dsms,7124,0,2297,1
mediocre,7124,0,2297,1
rarl,7124,0,2297,1
dsps,7124,0,2297,1
jia,7124,0,2297,1
memetracker,7124,0,2297,1
snnm,7124,0,2297,1
memisevic,7124,0,2297,1
itml,7124,0,2297,1
demodulator,7124,0,2297,1
mensxmachina,7124,0,2297,1
duplicates,7124,0,2297,1
iterately,7124,0,2297,1
rasooli,7124,0,2297,1
cbmpi,7124,0,2297,1
sparsistency,7124,0,2297,1
dradp,7124,0,2297,1
kbc,7124,0,2297,1
slogans,7124,0,2297,1
smoothers,7124,0,2297,1
mcre,7124,0,2297,1
kalai2005,7124,0,2297,1
mechanizing,7124,0,2297,1
casted,7124,0,2297,1
reassignment,7124,0,2297,1
jstor,7124,0,2297,1
castro,7124,0,2297,1
jsmf,7124,0,2297,1
casually,7124,0,2297,1
rearranging,7124,0,2297,1
smm,7124,0,2297,1
smms,7124,0,2297,1
smola,7124,0,2297,1
drrn,7124,0,2297,1
recomputation,7124,0,2297,1
drugbank,7124,0,2297,1
drunk,7124,0,2297,1
reanalyse,7124,0,2297,1
denoiser,7124,0,2297,1
denser,7124,0,2297,1
dpds,7124,0,2297,1
mechanistic,7124,0,2297,1
kalai,7124,0,2297,1
slater,7124,0,2297,1
drgn,7124,0,2297,1
slim,7124,0,2297,1
sln,7124,0,2297,1
cascadeucb1,7124,0,2297,1
kantorovitch,7124,0,2297,1
dependents,7124,0,2297,1
mcgan,7124,0,2297,1
bandwidths,7124,0,2297,1
ski,7124,0,2297,1
kbp2016,7124,0,2297,1
katyusha,7124,0,2297,1
skinny,7124,0,2297,1
baeckstroem,7124,0,2297,1
skipping,7124,0,2297,1
karma,7124,0,2297,1
skipthought,7124,0,2297,1
reconceptualizes,7124,0,2297,1
mcl,7124,0,2297,1
reconciliation,7124,0,2297,1
kbqa,7124,0,2297,1
baldwin,7124,0,2297,1
kemperman,7124,0,2297,1
kcca,7124,0,2297,1
mccallum,7124,0,2297,1
sinusoids,7124,0,2297,1
sional,7124,0,2297,1
recruit,7124,0,2297,1
dpmm,7124,0,2297,1
reconstructor,7124,0,2297,1
reconstructive,7124,0,2297,1
banach,7124,0,2297,1
dpop,7124,0,2297,1
sis,7124,0,2297,1
reconsidering,7124,0,2297,1
kddb,7124,0,2297,1
ballesteros,7124,0,2297,1
listnet,7124,0,2297,1
rewritable,7124,0,2297,1
inapproximable,7124,0,2297,1
displacements,7124,0,2297,1
rescales,7124,0,2297,1
bioquery,7124,0,2297,1
bundled,7124,0,2297,1
schlangen,7124,0,2297,1
biomolecular,7124,0,2297,1
lessening,7124,0,2297,1
schmidhuber,7124,0,2297,1
devlin,7124,0,2297,1
mahdavi,7124,0,2297,1
schniter,7124,0,2297,1
dispensing,7124,0,2297,1
reranks,7124,0,2297,1
lepski,7124,0,2297,1
burer,7124,0,2297,1
leonardo,7124,0,2297,1
schur,7124,0,2297,1
displacing,7124,0,2297,1
dvae,7124,0,2297,1
aumann,7124,0,2297,1
dvi,7124,0,2297,1
primely,7124,0,2297,1
tbcnns,7124,0,2297,1
monteiro,7124,0,2297,1
anantharam,7124,0,2297,1
moodswipe,7124,0,2297,1
taskmaster,7124,0,2297,1
pretends,7124,0,2297,1
cky,7124,0,2297,1
dispatcher,7124,0,2297,1
bioinfomatics,7124,0,2297,1
ihler,7124,0,2297,1
requesters,7124,0,2297,1
liable,7124,0,2297,1
dgn,7124,0,2297,1
sba,7124,0,2297,1
mabs,7124,0,2297,1
macbook,7124,0,2297,1
buffet,7124,0,2297,1
sbmt,7124,0,2297,1
sbn,7124,0,2297,1
bipartisan,7124,0,2297,1
biotechnology,7124,0,2297,1
magni,7124,0,2297,1
biogrid,7124,0,2297,1
lent,7124,0,2297,1
biodetection,7124,0,2297,1
mallat,7124,0,2297,1
majorant,7124,0,2297,1
disproportionally,7124,0,2297,1
scleroderma,7124,0,2297,1
scoliosis,7124,0,2297,1
binocular,7124,0,2297,1
binless,7124,0,2297,1
makespans,7124,0,2297,1
disqualify,7124,0,2297,1
businessinsider,7124,0,2297,1
binaryconnect,7124,0,2297,1
legibly,7124,0,2297,1
disrupts,7124,0,2297,1
scienceie,7124,0,2297,1
presumption,7124,0,2297,1
igp,7124,0,2297,1
blahut,7124,0,2297,1
iedb,7124,0,2297,1
tenuous,7124,0,2297,1
amendable,7124,0,2297,1
preempt,7124,0,2297,1
ternarizing,7124,0,2297,1
terngrad,7124,0,2297,1
ampi,7124,0,2297,1
templated,7124,0,2297,1
amplification,7124,0,2297,1
morphism,7124,0,2297,1
dayan,7124,0,2297,1
presentational,7124,0,2297,1
teh,7124,0,2297,1
ieeg,7124,0,2297,1
preselection,7124,0,2297,1
icoseg,7124,0,2297,1
prescribes,7124,0,2297,1
dawmr,7124,0,2297,1
dawidskene,7124,0,2297,1
presage,7124,0,2297,1
davenport,7124,0,2297,1
amplitudes,7124,0,2297,1
mortgages,7124,0,2297,1
daub,7124,0,2297,1
clarifai,7124,0,2297,1
imaginet,7124,0,2297,1
imate,7124,0,2297,1
circumscribe,7124,0,2297,1
modelers,7124,0,2297,1
tenths,7124,0,2297,1
datar,7124,0,2297,1
analysers,7124,0,2297,1
ilps,7124,0,2297,1
teaches,7124,0,2297,1
prespecified,7124,0,2297,1
pretending,7124,0,2297,1
citeyear,7124,0,2297,1
citeulike,7124,0,2297,1
talvitie,7124,0,2297,1
monoaural,7124,0,2297,1
prison,7124,0,2297,1
im2col,7124,0,2297,1
circumvents,7124,0,2297,1
cirl,7124,0,2297,1
andor,7124,0,2297,1
monolingually,7124,0,2297,1
iln,7124,0,2297,1
amortizes,7124,0,2297,1
monomial,7124,0,2297,1
tarantula,7124,0,2297,1
citeseer,7124,0,2297,1
losslessly,7124,0,2297,1
clamp,7124,0,2297,1
teasing,7124,0,2297,1
tence,7124,0,2297,1
ammar,7124,0,2297,1
idcnns,7124,0,2297,1
tending,7124,0,2297,1
amiqo,7124,0,2297,1
amini,7124,0,2297,1
prelus,7124,0,2297,1
blade,7124,0,2297,1
dgps,7124,0,2297,1
lisbon,7124,0,2297,1
maltparser,7124,0,2297,1
bidimensional,7124,0,2297,1
ldc2014t12,7124,0,2297,1
ldc2013e117,7124,0,2297,1
seeded,7124,0,2297,1
reparametrize,7124,0,2297,1
seemed,7124,0,2297,1
c2ae,7124,0,2297,1
ldfm,7124,0,2297,1
repel,7124,0,2297,1
sebastian,7124,0,2297,1
ldp,7124,0,2297,1
bilstms,7124,0,2297,1
maltoptimizer,7124,0,2297,1
sdas,7124,0,2297,1
byproducts,7124,0,2297,1
learnware,7124,0,2297,1
sdcb,7124,0,2297,1
determinized,7124,0,2297,1
bwcr,7124,0,2297,1
bilexical,7124,0,2297,1
bilbowa,7124,0,2297,1
replaying,7124,0,2297,1
learnet,7124,0,2297,1
leapfrog,7124,0,2297,1
dissolving,7124,0,2297,1
bijections,7124,0,2297,1
bijection,7124,0,2297,1
bylander,7124,0,2297,1
bids,7124,0,2297,1
ldfms,7124,0,2297,1
reparameterizing,7124,0,2297,1
localise,7124,0,2297,1
bonferroni,7124,0,2297,1
rfp07,7124,0,2297,1
satae,7124,0,2297,1
ltai,7124,0,2297,1
bootstraps,7124,0,2297,1
rotational,7124,0,2297,1
roth,7124,0,2297,1
bresler2014hardness,7124,0,2297,1
rid,7124,0,2297,1
directemployers,7124,0,2297,1
bribe,7124,0,2297,1
locallyconnected,7124,0,2297,1
briber,7124,0,2297,1
rp,7124,0,2297,1
ldg,7124,0,2297,1
lm15,7124,0,2297,1
lsrc,7124,0,2297,1
bordes2014semantic,7124,0,2297,1
lsuv,7124,0,2297,1
disagreeing,7124,0,2297,1
lyric,7124,0,2297,1
blbox,7124,0,2297,1
blb,7124,0,2297,1
distills,7124,0,2297,1
bigbird,7124,0,2297,1
ldlfs,7124,0,2297,1
ldha,7124,0,2297,1
distinctively,7124,0,2297,1
reparametrization,7124,0,2297,1
reparameterized,7124,0,2297,1
liar,7124,0,2297,1
scattertext,7124,0,2297,1
mann,7124,0,2297,1
bhc,7124,0,2297,1
lavi,7124,0,2297,1
laufer,7124,0,2297,1
rankedness,7124,0,2297,1
leftrightarrow,7124,0,2297,1
devanur,7124,0,2297,1
lf,7124,0,2297,1
lexvec,7124,0,2297,1
bitmaps,7124,0,2297,1
scarcer,7124,0,2297,1
scas,7124,0,2297,1
scatterplot,7124,0,2297,1
buggy,7124,0,2297,1
laymen,7124,0,2297,1
scb,7124,0,2297,1
birthday,7124,0,2297,1
lex,7124,0,2297,1
researching,7124,0,2297,1
levine,7124,0,2297,1
dismisses,7124,0,2297,1
levi,7124,0,2297,1
scda,7124,0,2297,1
lfms,7124,0,2297,1
lfrm,7124,0,2297,1
respondent,7124,0,2297,1
m2,7124,0,2297,1
blanks,7124,0,2297,1
biaffine,7124,0,2297,1
layouts,7124,0,2297,1
semidifferentials,7124,0,2297,1
bestselling,7124,0,2297,1
semigradients,7124,0,2297,1
cadences,7124,0,2297,1
laterally,7124,0,2297,1
renderers,7124,0,2297,1
semimetrics,7124,0,2297,1
disturbing,7124,0,2297,1
lapla,7124,0,2297,1
semiparametric,7124,0,2297,1
removability,7124,0,2297,1
betrayal,7124,0,2297,1
semlm,7124,0,2297,1
beta2,7124,0,2297,1
dithering,7124,0,2297,1
reminder,7124,0,2297,1
manipulative,7124,0,2297,1
distributionally,7124,0,2297,1
scrnn,7124,0,2297,1
latticelstm,7124,0,2297,1
renormalization,7124,0,2297,1
seizures,7124,0,2297,1
reparameterize,7124,0,2297,1
reparameterizations,7124,0,2297,1
selectron,7124,0,2297,1
selectrons,7124,0,2297,1
bibliographers,7124,0,2297,1
lbns,7124,0,2297,1
lbn,7124,0,2297,1
manipulates,7124,0,2297,1
pixelrnn,7124,0,2297,1
